projection_layer,human_pop_layer,scenario,sensitivity,year,mean_RVF_relative_likelihood,total_pop_size,pop_size_at_risk,prop_at_risk
historical_climate_1985,pd_2000,historical,0,1985,0.11954092990925054,86338616.08966085,49051636.77378054,0.5681309128564377
ACCESS-CM2_SSP126_2030,SSP1_2030,SSP126,0,2030,0.09651566368157105,182237789.9921421,78785240.85296002,0.4323210946333203
ACCESS-CM2_SSP126_2050,SSP1_2050,SSP126,0,2050,0.09388952236811691,234273097.04331276,89576884.93842675,0.3823609542407921
ACCESS-CM2_SSP126_2070,SSP1_2070,SSP126,0,2070,0.09339688435725779,262989553.11746946,92077867.95124629,0.3501198692486386
ACCESS-CM2_SSP245_2030,SSP2_2030,SSP245,0,2030,0.09716891746397159,195769209.13493404,86254410.69495243,0.44059232335919346
ACCESS-CM2_SSP245_2050,SSP2_2050,SSP245,0,2050,0.09184104039207705,276471532.001752,99527297.1181172,0.359991122404192
ACCESS-CM2_SSP245_2070,SSP2_2070,SSP245,0,2070,0.09036452907553046,341313107.45942736,105802511.23962997,0.3099866630589537
ACCESS-CM2_SSP370_2030,SSP3_2030,SSP370,0,2030,0.09472739326065872,211999622.18008378,92114174.61520141,0.43450159801206967
ACCESS-CM2_SSP370_2050,SSP3_2050,SSP370,0,2050,0.08901248441960558,333370478.3976805,115386406.36509377,0.3461206490739361
ACCESS-CM2_SSP370_2070,SSP3_2070,SSP370,0,2070,0.08846259423896413,458941074.3473349,127503969.2561431,0.2778220917303335
BCC-CSM2-MR_SSP126_2030,SSP1_2030,SSP126,0,2030,0.10207267503023576,182237789.9921421,81468534.61423582,0.4470452293004028
BCC-CSM2-MR_SSP126_2050,SSP1_2050,SSP126,0,2050,0.09953172221367032,234273097.04331276,94840972.8080362,0.4048308320716051
BCC-CSM2-MR_SSP126_2070,SSP1_2070,SSP126,0,2070,0.10110397720520169,262989553.11746946,100707029.93834786,0.38293167445082915
BCC-CSM2-MR_SSP245_2030,SSP2_2030,SSP245,0,2030,0.10223480226520064,195769209.13493404,85853998.46011671,0.4385469954110189
BCC-CSM2-MR_SSP245_2050,SSP2_2050,SSP245,0,2050,0.09786414068073597,276471532.001752,102351762.72852342,0.3702072397380675
BCC-CSM2-MR_SSP245_2070,SSP2_2070,SSP245,0,2070,0.09828134117103332,341313107.45942736,113748920.38286991,0.33326853817470664
BCC-CSM2-MR_SSP370_2030,SSP3_2030,SSP370,0,2030,0.10075351653854404,211999622.18008378,92741834.61389582,0.43746226365967744
BCC-CSM2-MR_SSP370_2050,SSP3_2050,SSP370,0,2050,0.09681422433091613,333370478.3976805,116843314.0919017,0.3504908852562473
BCC-CSM2-MR_SSP370_2070,SSP3_2070,SSP370,0,2070,0.094586256692126,458941074.3473349,135609221.89047876,0.2954828614617467
CMCC-ESM2_SSP126_2030,SSP1_2030,SSP126,0,2030,0.10165017296751577,182237789.9921421,87459821.57166812,0.4799214343821843
CMCC-ESM2_SSP126_2050,SSP1_2050,SSP126,0,2050,0.09850568896917596,234273097.04331276,95650103.98747832,0.4082846267652934
CMCC-ESM2_SSP126_2070,SSP1_2070,SSP126,0,2070,0.0970602945698343,262989553.11746946,99548880.76085299,0.3785278904838761
CMCC-ESM2_SSP245_2030,SSP2_2030,SSP245,0,2030,0.10162088658087155,195769209.13493404,94188275.10609008,0.4811189436903265
CMCC-ESM2_SSP245_2050,SSP2_2050,SSP245,0,2050,0.09574053831284271,276471532.001752,111786538.57948285,0.4043329082387204
CMCC-ESM2_SSP245_2070,SSP2_2070,SSP245,0,2070,0.09496499679855264,341313107.45942736,114853860.45350495,0.3365058591169338
CMCC-ESM2_SSP370_2030,SSP3_2030,SSP370,0,2030,0.10058731577336785,211999622.18008378,103234843.2970378,0.4869576758459721
CMCC-ESM2_SSP370_2050,SSP3_2050,SSP370,0,2050,0.0938643128995416,333370478.3976805,128376314.44808078,0.38508603120801704
CMCC-ESM2_SSP370_2070,SSP3_2070,SSP370,0,2070,0.09244707258716107,458941074.3473349,144111015.82891947,0.31400766652638645
EC-Earth3-Veg_SSP126_2030,SSP1_2030,SSP126,0,2030,0.101248573702669,182237789.9921421,85675283.55200958,0.47012907452237984
EC-Earth3-Veg_SSP126_2050,SSP1_2050,SSP126,0,2050,0.0983496059963444,234273097.04331276,98993698.16077533,0.4225568339264889
EC-Earth3-Veg_SSP126_2070,SSP1_2070,SSP126,0,2070,0.09777038059269809,262989553.11746946,103239977.7958678,0.392563037474548
EC-Earth3-Veg_SSP245_2030,SSP2_2030,SSP245,0,2030,0.10119289436006025,195769209.13493404,92549058.3136035,0.4727457332159625
EC-Earth3-Veg_SSP245_2050,SSP2_2050,SSP245,0,2050,0.09637232873577045,276471532.001752,110247285.05856498,0.3987654145088122
EC-Earth3-Veg_SSP245_2070,SSP2_2070,SSP245,0,2070,0.0948025577024966,341313107.45942736,116747440.05102393,0.34205378433906747
EC-Earth3-Veg_SSP370_2030,SSP3_2030,SSP370,0,2030,0.10058428475927503,211999622.18008378,99846607.30772574,0.4709754021302487
EC-Earth3-Veg_SSP370_2050,SSP3_2050,SSP370,0,2050,0.09562637650582766,333370478.3976805,128633299.47683898,0.3858569003923353
EC-Earth3-Veg_SSP370_2070,SSP3_2070,SSP370,0,2070,0.0925049840682667,458941074.3473349,141618331.89642218,0.30857628530594944
GISS-E2-1-G_SSP126_2030,SSP1_2030,SSP126,0,2030,0.09886996414882429,182237789.9921421,85430909.68162028,0.46878811296660244
GISS-E2-1-G_SSP126_2050,SSP1_2050,SSP126,0,2050,0.09594170511516742,234273097.04331276,97878993.77407236,0.4177986931037854
GISS-E2-1-G_SSP126_2070,SSP1_2070,SSP126,0,2070,0.09595027872984986,262989553.11746946,102680460.32868578,0.39043551012393835
GISS-E2-1-G_SSP245_2030,SSP2_2030,SSP245,0,2030,0.09696429970881776,195769209.13493404,88221303.862142,0.4506393229659288
GISS-E2-1-G_SSP245_2050,SSP2_2050,SSP245,0,2050,0.0926690248180985,276471532.001752,106439775.7829908,0.384993619459946
GISS-E2-1-G_SSP245_2070,SSP2_2070,SSP245,0,2070,0.09141060882674286,341313107.45942736,115364223.23673654,0.33800115118769686
GISS-E2-1-G_SSP370_2030,SSP3_2030,SSP370,0,2030,0.09640828413088787,211999622.18008378,96967915.86301054,0.45739664470081376
GISS-E2-1-G_SSP370_2050,SSP3_2050,SSP370,0,2050,0.09056132867133888,333370478.3976805,125010709.95184693,0.3749903427343095
GISS-E2-1-G_SSP370_2070,SSP3_2070,SSP370,0,2070,0.08863650003321323,458941074.3473349,143295339.1421158,0.31223036496765444
INM-CM5-0_SSP126_2030,SSP1_2030,SSP126,0,2030,0.10288219383471565,182237789.9921421,89492925.43733838,0.49107775857684194
INM-CM5-0_SSP126_2050,SSP1_2050,SSP126,0,2050,0.10028735687597647,234273097.04331276,108036825.40713729,0.4611576265932203
INM-CM5-0_SSP126_2070,SSP1_2070,SSP126,0,2070,0.10130326605942598,262989553.11746946,113893430.34865564,0.4330720707289194
INM-CM5-0_SSP245_2030,SSP2_2030,SSP245,0,2030,0.10320626869066243,195769209.13493404,96589498.39424296,0.49338452569253927
INM-CM5-0_SSP245_2050,SSP2_2050,SSP245,0,2050,0.09921355599959487,276471532.001752,119525948.27267742,0.43232642220798334
INM-CM5-0_SSP245_2070,SSP2_2070,SSP245,0,2070,0.09801994280522333,341313107.45942736,130227207.90130506,0.38154763194022795
INM-CM5-0_SSP370_2030,SSP3_2030,SSP370,0,2030,0.10175730539918475,211999622.18008378,104420276.7752752,0.49254935316146486
INM-CM5-0_SSP370_2050,SSP3_2050,SSP370,0,2050,0.09696257597926908,333370478.3976805,134498019.27912802,0.40344909940910895
INM-CM5-0_SSP370_2070,SSP3_2070,SSP370,0,2070,0.09599892743224889,458941074.3473349,154233948.50522423,0.336064817742805
IPSL-CM6A-LR_SSP126_2030,SSP1_2030,SSP126,0,2030,0.09893031410972729,182237789.9921421,81846780.06773435,0.44912078922414217
IPSL-CM6A-LR_SSP126_2050,SSP1_2050,SSP126,0,2050,0.09622428372639029,234273097.04331276,95969823.59820063,0.409649357136631
IPSL-CM6A-LR_SSP126_2070,SSP1_2070,SSP126,0,2070,0.09612306070674122,262989553.11746946,100309241.8633676,0.381419112182614
IPSL-CM6A-LR_SSP245_2030,SSP2_2030,SSP245,0,2030,0.0979946505858071,195769209.13493404,87943304.14971083,0.44921928498518815
IPSL-CM6A-LR_SSP245_2050,SSP2_2050,SSP245,0,2050,0.09350625945629457,276471532.001752,104850977.94947128,0.3792469235089522
IPSL-CM6A-LR_SSP245_2070,SSP2_2070,SSP245,0,2070,0.09139977826989891,341313107.45942736,111387592.19587484,0.32635017455084325
IPSL-CM6A-LR_SSP370_2030,SSP3_2030,SSP370,0,2030,0.09649847106349674,211999622.18008378,94198956.83346444,0.4443354939257714
IPSL-CM6A-LR_SSP370_2050,SSP3_2050,SSP370,0,2050,0.09071672362177402,333370478.3976805,119218115.68113407,0.35761449620298336
IPSL-CM6A-LR_SSP370_2070,SSP3_2070,SSP370,0,2070,0.0882079454576783,458941074.3473349,132484374.93648697,0.2886740419233437
MIROC6_SSP126_2030,SSP1_2030,SSP126,0,2030,0.09629343698416228,182237789.9921421,83385739.1466554,0.4575655749021698
MIROC6_SSP126_2050,SSP1_2050,SSP126,0,2050,0.09419857385191314,234273097.04331276,97810033.0708786,0.41750433278642884
MIROC6_SSP126_2070,SSP1_2070,SSP126,0,2070,0.09500683404859697,262989553.11746946,103623983.73968187,0.3940231941205519
MIROC6_SSP245_2030,SSP2_2030,SSP245,0,2030,0.09563177980486126,195769209.13493404,90327347.45523345,0.4613971106813599
MIROC6_SSP245_2050,SSP2_2050,SSP245,0,2050,0.0912984892537258,276471532.001752,108630191.59027761,0.3929163729941975
MIROC6_SSP245_2070,SSP2_2070,SSP245,0,2070,0.09036259910043218,341313107.45942736,117177796.8249627,0.3433146699146088
MIROC6_SSP370_2030,SSP3_2030,SSP370,0,2030,0.09497850951891876,211999622.18008378,96695541.43129279,0.45611185735583265
MIROC6_SSP370_2050,SSP3_2050,SSP370,0,2050,0.08886056892467979,333370478.3976805,122780410.13354796,0.3683001887980079
MIROC6_SSP370_2070,SSP3_2070,SSP370,0,2070,0.08643093227687412,458941074.3473349,143552705.37554815,0.3127911477082238
MPI-ESM1-2-HR_SSP126_2030,SSP1_2030,SSP126,0,2030,0.10104318598279803,182237789.9921421,89997799.28004757,0.49384817102933576
MPI-ESM1-2-HR_SSP126_2050,SSP1_2050,SSP126,0,2050,0.10014028526546528,234273097.04331276,107630811.45990728,0.4594245468996738
MPI-ESM1-2-HR_SSP126_2070,SSP1_2070,SSP126,0,2070,0.10042501273761481,262989553.11746946,113365731.74712451,0.43106553246427803
MPI-ESM1-2-HR_SSP245_2030,SSP2_2030,SSP245,0,2030,0.10080310332210654,195769209.13493404,97073550.51190238,0.49585709081040613
MPI-ESM1-2-HR_SSP245_2050,SSP2_2050,SSP245,0,2050,0.09746878917861918,276471532.001752,119965497.7896169,0.43391627673570626
MPI-ESM1-2-HR_SSP245_2070,SSP2_2070,SSP245,0,2070,0.09540852135191012,341313107.45942736,127554030.659164,0.3737155938973912
MPI-ESM1-2-HR_SSP370_2030,SSP3_2030,SSP370,0,2030,0.10047939719036195,211999622.18008378,104865543.19314326,0.4946496701964161
MPI-ESM1-2-HR_SSP370_2050,SSP3_2050,SSP370,0,2050,0.0949897863800008,333370478.3976805,138886759.81265357,0.4166138539927172
MPI-ESM1-2-HR_SSP370_2070,SSP3_2070,SSP370,0,2070,0.09250987359657455,458941074.3473349,156734627.51667812,0.34151361967235583
MRI-ESM2-0_SSP126_2030,SSP1_2030,SSP126,0,2030,0.1006249935965057,182237789.9921421,87512741.05595197,0.48021182137758267
MRI-ESM2-0_SSP126_2050,SSP1_2050,SSP126,0,2050,0.09689442907808091,234273097.04331276,102264129.36444381,0.4365167433012467
MRI-ESM2-0_SSP126_2070,SSP1_2070,SSP126,0,2070,0.09778775252289487,262989553.11746946,108330982.09399492,0.4119212372120605
MRI-ESM2-0_SSP245_2030,SSP2_2030,SSP245,0,2030,0.10026748048928952,195769209.13493404,94673258.96338765,0.48359626818604584
MRI-ESM2-0_SSP245_2050,SSP2_2050,SSP245,0,2050,0.09511395647494544,276471532.001752,112783756.38607298,0.4079398539498029
MRI-ESM2-0_SSP245_2070,SSP2_2070,SSP245,0,2070,0.09248018512722986,341313107.45942736,118271625.56258522,0.3465194361943584
MRI-ESM2-0_SSP370_2030,SSP3_2030,SSP370,0,2030,0.09857191908804816,211999622.18008378,101432481.60884728,0.47845595461809415
MRI-ESM2-0_SSP370_2050,SSP3_2050,SSP370,0,2050,0.09133293916645052,333370478.3976805,130632951.12864055,0.391855186927522
MRI-ESM2-0_SSP370_2070,SSP3_2070,SSP370,0,2070,0.08852539004396993,458941074.3473349,145128323.42375517,0.3162243075108144
sensitivity_historical_climate_SSP126_2030,SSP1_2030,SSP126,1,2030,0.10630671619631867,182237789.9921421,99332865.42532739,0.5450728162891489
sensitivity_historical_climate_SSP126_2050,SSP1_2050,SSP126,1,2050,0.10479774059630184,234273097.04331276,122251080.388097,0.5218314946572591
sensitivity_historical_climate_SSP126_2070,SSP1_2070,SSP126,1,2070,0.10505153630773703,262989553.11746946,131098931.32146722,0.4984948252408692
sensitivity_historical_climate_SSP245_2030,SSP2_2030,SSP245,1,2030,0.10563371432520859,195769209.13493404,106513014.72859113,0.5440743986209648
sensitivity_historical_climate_SSP245_2050,SSP2_2050,SSP245,1,2050,0.10367619494867823,276471532.001752,140597156.54283494,0.5085411706762777
sensitivity_historical_climate_SSP245_2070,SSP2_2070,SSP245,1,2070,0.103539669426753,341313107.45942736,161342492.4287862,0.47271109401494443
sensitivity_historical_climate_SSP370_2030,SSP3_2030,SSP370,1,2030,0.10449312044514443,211999622.18008378,114701650.93462743,0.5410464875130472
sensitivity_historical_climate_SSP370_2050,SSP3_2050,SSP370,1,2050,0.10200437060020967,333370478.3976805,164235672.52269483,0.49265211878412546
sensitivity_historical_climate_SSP370_2070,SSP3_2070,SSP370,1,2070,0.10178728581114724,458941074.3473349,206877694.93339688,0.45077180164708486
sensitivity_historical_humanpop_ACCESS-CM2_SSP126_2030,pd_2000,SSP126,1,2030,0.10917231809144684,86338616.08966085,39365067.98770773,0.45593813950906886
sensitivity_historical_humanpop_ACCESS-CM2_SSP126_2050,pd_2000,SSP126,1,2050,0.10796936413736644,86338616.08966085,36588761.22584399,0.42378211376294617
sensitivity_historical_humanpop_ACCESS-CM2_SSP126_2070,pd_2000,SSP126,1,2070,0.10717103914156936,86338616.08966085,35220536.685392395,0.40793492275596127
sensitivity_historical_humanpop_ACCESS-CM2_SSP245_2030,pd_2000,SSP245,1,2030,0.11050288784746508,86338616.08966085,40172985.594595246,0.46529568591737025
sensitivity_historical_humanpop_ACCESS-CM2_SSP245_2050,pd_2000,SSP245,1,2050,0.10676613239934236,86338616.08966085,35250281.39238166,0.40827943496077096
sensitivity_historical_humanpop_ACCESS-CM2_SSP245_2070,pd_2000,SSP245,1,2070,0.10542910855129647,86338616.08966085,33059426.34299022,0.38290428825797596
sensitivity_historical_humanpop_ACCESS-CM2_SSP370_2030,pd_2000,SSP370,1,2030,0.10893648306497937,86338616.08966085,39820876.87591175,0.4612174560981913
sensitivity_historical_humanpop_ACCESS-CM2_SSP370_2050,pd_2000,SSP370,1,2050,0.10523741330919252,86338616.08966085,34867996.72371339,0.40385169814980243
sensitivity_historical_humanpop_ACCESS-CM2_SSP370_2070,pd_2000,SSP370,1,2070,0.10491187843812823,86338616.08966085,31522398.75169251,0.36510196919252397
sensitivity_historical_humanpop_BCC-CSM2-MR_SSP126_2030,pd_2000,SSP126,1,2030,0.11501528265921386,86338616.08966085,40758298.00446939,0.472074951515817
sensitivity_historical_humanpop_BCC-CSM2-MR_SSP126_2050,pd_2000,SSP126,1,2050,0.11392668970437471,86338616.08966085,38949109.25778054,0.4511203795220982
sensitivity_historical_humanpop_BCC-CSM2-MR_SSP126_2070,pd_2000,SSP126,1,2070,0.11545410874804192,86338616.08966085,38800891.72935605,0.4494036792188345
sensitivity_historical_humanpop_BCC-CSM2-MR_SSP245_2030,pd_2000,SSP245,1,2030,0.11604263539919604,86338616.08966085,40047947.93349937,0.4638474618577441
sensitivity_historical_humanpop_BCC-CSM2-MR_SSP245_2050,pd_2000,SSP245,1,2050,0.11335983610548438,86338616.08966085,36838616.48438945,0.42667601303839886
sensitivity_historical_humanpop_BCC-CSM2-MR_SSP245_2070,pd_2000,SSP245,1,2070,0.11396404649316082,86338616.08966085,35997619.02186631,0.41693532572358505
sensitivity_historical_humanpop_BCC-CSM2-MR_SSP370_2030,pd_2000,SSP370,1,2030,0.11575255788691947,86338616.08966085,40058094.216646686,0.4639649791820521
sensitivity_historical_humanpop_BCC-CSM2-MR_SSP370_2050,pd_2000,SSP370,1,2050,0.11400155629318935,86338616.08966085,36327025.677736096,0.4207506133757256
sensitivity_historical_humanpop_BCC-CSM2-MR_SSP370_2070,pd_2000,SSP370,1,2070,0.11166608702924091,86338616.08966085,33485285.950610265,0.3878367232089578
sensitivity_historical_humanpop_CMCC-ESM2_SSP126_2030,pd_2000,SSP126,1,2030,0.11464910064377769,86338616.08966085,43710513.89073282,0.5062684100164445
sensitivity_historical_humanpop_CMCC-ESM2_SSP126_2050,pd_2000,SSP126,1,2050,0.11295443365420055,86338616.08966085,39229219.793722704,0.4543647045834506
sensitivity_historical_humanpop_CMCC-ESM2_SSP126_2070,pd_2000,SSP126,1,2070,0.11108294214925928,86338616.08966085,37890479.781001545,0.43885901230630187
sensitivity_historical_humanpop_CMCC-ESM2_SSP245_2030,pd_2000,SSP245,1,2030,0.11545771405943751,86338616.08966085,43906306.86538907,0.5085361435466291
sensitivity_historical_humanpop_CMCC-ESM2_SSP245_2050,pd_2000,SSP245,1,2050,0.11109635652504421,86338616.08966085,39628257.128300436,0.4589864758446825
sensitivity_historical_humanpop_CMCC-ESM2_SSP245_2070,pd_2000,SSP245,1,2070,0.11053675303906896,86338616.08966085,36174960.790616885,0.41898935179885144
sensitivity_historical_humanpop_CMCC-ESM2_SSP370_2030,pd_2000,SSP370,1,2030,0.11556524135922071,86338616.08966085,44474170.26510703,0.5151133094248526
sensitivity_historical_humanpop_CMCC-ESM2_SSP370_2050,pd_2000,SSP370,1,2050,0.11076035723728692,86338616.08966085,39096473.714087605,0.4528271992857371
sensitivity_historical_humanpop_CMCC-ESM2_SSP370_2070,pd_2000,SSP370,1,2070,0.1094552526208089,86338616.08966085,35814474.19913379,0.4148140869195912
sensitivity_historical_humanpop_EC-Earth3-Veg_SSP126_2030,pd_2000,SSP126,1,2030,0.11419364959417004,86338616.08966085,42873836.5028396,0.49657775911436913
sensitivity_historical_humanpop_EC-Earth3-Veg_SSP126_2050,pd_2000,SSP126,1,2050,0.1126478630723203,86338616.08966085,40739080.20321922,0.4718523651214485
sensitivity_historical_humanpop_EC-Earth3-Veg_SSP126_2070,pd_2000,SSP126,1,2070,0.11174181238320212,86338616.08966085,39822203.06157844,0.4612328163822305
sensitivity_historical_humanpop_EC-Earth3-Veg_SSP245_2030,pd_2000,SSP245,1,2030,0.11483062231678917,86338616.08966085,43078602.46788886,0.4989494205368387
sensitivity_historical_humanpop_EC-Earth3-Veg_SSP245_2050,pd_2000,SSP245,1,2050,0.11165753436848831,86338616.08966085,39381368.42441895,0.45612693610379645
sensitivity_historical_humanpop_EC-Earth3-Veg_SSP245_2070,pd_2000,SSP245,1,2070,0.11020883004002129,86338616.08966085,36756687.930332154,0.42572709171248585
sensitivity_historical_humanpop_EC-Earth3-Veg_SSP370_2030,pd_2000,SSP370,1,2030,0.11538437904584797,86338616.08966085,43133759.3825305,0.4995882646270007
sensitivity_historical_humanpop_EC-Earth3-Veg_SSP370_2050,pd_2000,SSP370,1,2050,0.11260684325431757,86338616.08966085,39205252.58440701,0.4540871091064648
sensitivity_historical_humanpop_EC-Earth3-Veg_SSP370_2070,pd_2000,SSP370,1,2070,0.10940516826526757,86338616.08966085,35542535.96802533,0.411664415967881
sensitivity_historical_humanpop_GISS-E2-1-G_SSP126_2030,pd_2000,SSP126,1,2030,0.11161871584819927,86338616.08966085,42561121.60396184,0.4929558004469634
sensitivity_historical_humanpop_GISS-E2-1-G_SSP126_2050,pd_2000,SSP126,1,2050,0.11006313914509089,86338616.08966085,40141484.60921907,0.4649308319643782
sensitivity_historical_humanpop_GISS-E2-1-G_SSP126_2070,pd_2000,SSP126,1,2070,0.1098195104044108,86338616.08966085,39576879.54778228,0.4583914051469451
sensitivity_historical_humanpop_GISS-E2-1-G_SSP245_2030,pd_2000,SSP245,1,2030,0.1103273664150853,86338616.08966085,40937605.463481896,0.4741517448110246
sensitivity_historical_humanpop_GISS-E2-1-G_SSP245_2050,pd_2000,SSP245,1,2050,0.10769168907287961,86338616.08966085,37622453.06346383,0.4357546456894062
sensitivity_historical_humanpop_GISS-E2-1-G_SSP245_2070,pd_2000,SSP245,1,2070,0.1064460428789479,86338616.08966085,35872502.31059002,0.41548618608082827
sensitivity_historical_humanpop_GISS-E2-1-G_SSP370_2030,pd_2000,SSP370,1,2030,0.1108794874485867,86338616.08966085,41915870.89320194,0.4854823112947882
sensitivity_historical_humanpop_GISS-E2-1-G_SSP370_2050,pd_2000,SSP370,1,2050,0.10706865397424281,86338616.08966085,37661944.52426287,0.43621204774873534
sensitivity_historical_humanpop_GISS-E2-1-G_SSP370_2070,pd_2000,SSP370,1,2070,0.10507832595548929,86338616.08966085,34891795.15040792,0.4041273387353524
sensitivity_historical_humanpop_INM-CM5-0_SSP126_2030,pd_2000,SSP126,1,2030,0.1159539081126424,86338616.08966085,44681109.97297943,0.5175101477950379
sensitivity_historical_humanpop_INM-CM5-0_SSP126_2050,pd_2000,SSP126,1,2050,0.11474160988110725,86338616.08966085,44343379.05216109,0.5135984459851826
sensitivity_historical_humanpop_INM-CM5-0_SSP126_2070,pd_2000,SSP126,1,2070,0.11554636763487174,86338616.08966085,43739751.058825284,0.5066070437520387
sensitivity_historical_humanpop_INM-CM5-0_SSP245_2030,pd_2000,SSP245,1,2030,0.11700634626773984,86338616.08966085,44797613.82696668,0.5188595307161895
sensitivity_historical_humanpop_INM-CM5-0_SSP245_2050,pd_2000,SSP245,1,2050,0.11472435330092914,86338616.08966085,42450400.790699765,0.4916733984549383
sensitivity_historical_humanpop_INM-CM5-0_SSP245_2070,pd_2000,SSP245,1,2070,0.11363072558210262,86338616.08966085,41381247.536212616,0.47929014165850253
sensitivity_historical_humanpop_INM-CM5-0_SSP370_2030,pd_2000,SSP370,1,2030,0.1166417342028116,86338616.08966085,45144775.8483406,0.5228804663889759
sensitivity_historical_humanpop_INM-CM5-0_SSP370_2050,pd_2000,SSP370,1,2050,0.11406451497333603,86338616.08966085,41277126.25914532,0.478084177493416
sensitivity_historical_humanpop_INM-CM5-0_SSP370_2070,pd_2000,SSP370,1,2070,0.113230651626019,86338616.08966085,38783851.29615719,0.44920631176067227
sensitivity_historical_humanpop_IPSL-CM6A-LR_SSP126_2030,pd_2000,SSP126,1,2030,0.11176958153591499,86338616.08966085,40809673.5583019,0.47266999873986754
sensitivity_historical_humanpop_IPSL-CM6A-LR_SSP126_2050,pd_2000,SSP126,1,2050,0.11044910355026429,86338616.08966085,39492338.4988048,0.4574122251136482
sensitivity_historical_humanpop_IPSL-CM6A-LR_SSP126_2070,pd_2000,SSP126,1,2070,0.11011686570004238,86338616.08966085,38670468.72734912,0.4478930805097761
sensitivity_historical_humanpop_IPSL-CM6A-LR_SSP245_2030,pd_2000,SSP245,1,2030,0.11146542696008879,86338616.08966085,40962787.471119314,0.4744434104500854
sensitivity_historical_humanpop_IPSL-CM6A-LR_SSP245_2050,pd_2000,SSP245,1,2050,0.10869752584309948,86338616.08966085,37368171.27000014,0.43280947694591343
sensitivity_historical_humanpop_IPSL-CM6A-LR_SSP245_2070,pd_2000,SSP245,1,2070,0.10662813105710037,86338616.08966085,35157034.983970486,0.4071994268180143
sensitivity_historical_humanpop_IPSL-CM6A-LR_SSP370_2030,pd_2000,SSP370,1,2030,0.1109848844556047,86338616.08966085,40741485.77121152,0.4718802271384839
sensitivity_historical_humanpop_IPSL-CM6A-LR_SSP370_2050,pd_2000,SSP370,1,2050,0.10732316002220856,86338616.08966085,36225015.14166246,0.4195690964520851
sensitivity_historical_humanpop_IPSL-CM6A-LR_SSP370_2070,pd_2000,SSP370,1,2070,0.10478288704297467,86338616.08966085,32989073.104363333,0.3820894357410694
sensitivity_historical_humanpop_MIROC6_SSP126_2030,pd_2000,SSP126,1,2030,0.10871206827111082,86338616.08966085,41468955.77454179,0.48030600503808335
sensitivity_historical_humanpop_MIROC6_SSP126_2050,pd_2000,SSP126,1,2050,0.10798688059630239,86338616.08966085,40378614.17810727,0.46767733844812753
sensitivity_historical_humanpop_MIROC6_SSP126_2070,pd_2000,SSP126,1,2070,0.10863969849081187,86338616.08966085,40270270.44493886,0.466422468517668
sensitivity_historical_humanpop_MIROC6_SSP245_2030,pd_2000,SSP245,1,2030,0.10861938862878548,86338616.08966085,41900860.957831524,0.4853084616774301
sensitivity_historical_humanpop_MIROC6_SSP245_2050,pd_2000,SSP245,1,2050,0.10587863245290151,86338616.08966085,39054005.42289361,0.452335318675213
sensitivity_historical_humanpop_MIROC6_SSP245_2070,pd_2000,SSP245,1,2070,0.10502814774094553,86338616.08966085,37575061.93836684,0.43520574732569167
sensitivity_historical_humanpop_MIROC6_SSP370_2030,pd_2000,SSP370,1,2030,0.10908796526318291,86338616.08966085,41866958.68623155,0.4849157953001423
sensitivity_historical_humanpop_MIROC6_SSP370_2050,pd_2000,SSP370,1,2050,0.10482691689906994,86338616.08966085,37586525.0417275,0.43533851646052185
sensitivity_historical_humanpop_MIROC6_SSP370_2070,pd_2000,SSP370,1,2070,0.10234408996573677,86338616.08966085,35899678.45505567,0.41580094841657644
sensitivity_historical_humanpop_MPI-ESM1-2-HR_SSP126_2030,pd_2000,SSP126,1,2030,0.11387655255580227,86338616.08966085,44716002.545739286,0.5179142841402814
sensitivity_historical_humanpop_MPI-ESM1-2-HR_SSP126_2050,pd_2000,SSP126,1,2050,0.11450381612350181,86338616.08966085,44004836.93919998,0.5096773487022525
sensitivity_historical_humanpop_MPI-ESM1-2-HR_SSP126_2070,pd_2000,SSP126,1,2070,0.11461627139620799,86338616.08966085,43700476.89608276,0.5061521585046108
sensitivity_historical_humanpop_MPI-ESM1-2-HR_SSP245_2030,pd_2000,SSP245,1,2030,0.11432501762842745,86338616.08966085,45189530.70361314,0.5233988306771649
sensitivity_historical_humanpop_MPI-ESM1-2-HR_SSP245_2050,pd_2000,SSP245,1,2050,0.11280285165251686,86338616.08966085,42412591.20553347,0.49123547638855913
sensitivity_historical_humanpop_MPI-ESM1-2-HR_SSP245_2070,pd_2000,SSP245,1,2070,0.11066574159763602,86338616.08966085,40540409.03499526,0.4695512954816752
sensitivity_historical_humanpop_MPI-ESM1-2-HR_SSP370_2030,pd_2000,SSP370,1,2030,0.11519683527911732,86338616.08966085,45393103.818784565,0.5257566761510837
sensitivity_historical_humanpop_MPI-ESM1-2-HR_SSP370_2050,pd_2000,SSP370,1,2050,0.11173105231563916,86338616.08966085,42138326.43995865,0.48805885881004707
sensitivity_historical_humanpop_MPI-ESM1-2-HR_SSP370_2070,pd_2000,SSP370,1,2070,0.10921893593190553,86338616.08966085,39079355.58447274,0.45262893192415365
sensitivity_historical_humanpop_MRI-ESM2-0_SSP126_2030,pd_2000,SSP126,1,2030,0.11349272328938867,86338616.08966085,43816896.641867936,0.507500567259093
sensitivity_historical_humanpop_MRI-ESM2-0_SSP126_2050,pd_2000,SSP126,1,2050,0.11102895358966944,86338616.08966085,41912315.79379257,0.4854411350567341
sensitivity_historical_humanpop_MRI-ESM2-0_SSP126_2070,pd_2000,SSP126,1,2070,0.1117536224623713,86338616.08966085,41582092.161288485,0.48161638493378617
sensitivity_historical_humanpop_MRI-ESM2-0_SSP245_2030,pd_2000,SSP245,1,2030,0.11373380197082555,86338616.08966085,44207983.8540381,0.5120302577948322
sensitivity_historical_humanpop_MRI-ESM2-0_SSP245_2050,pd_2000,SSP245,1,2050,0.11024820709872465,86338616.08966085,40253680.467266545,0.4662303183718388
sensitivity_historical_humanpop_MRI-ESM2-0_SSP245_2070,pd_2000,SSP245,1,2070,0.10744759392162673,86338616.08966085,37564764.36764834,0.43508647774291537
sensitivity_historical_humanpop_MRI-ESM2-0_SSP370_2030,pd_2000,SSP370,1,2030,0.1131427365679256,86338616.08966085,44055323.904189415,0.5102621040212051
sensitivity_historical_humanpop_MRI-ESM2-0_SSP370_2050,pd_2000,SSP370,1,2050,0.10769398415526582,86338616.08966085,40105754.90661795,0.46451699972778066
sensitivity_historical_humanpop_MRI-ESM2-0_SSP370_2070,pd_2000,SSP370,1,2070,0.10478579562117729,86338616.08966085,36051708.77629213,0.41756180964092804
sensitivity_historical_humanpop_UKESM1-0-LL_SSP126_2030,pd_2000,SSP126,1,2030,0.11009322058749729,86338616.08966085,39008170.96295664,0.45180445007883224
sensitivity_historical_humanpop_UKESM1-0-LL_SSP126_2050,pd_2000,SSP126,1,2050,0.10856777790430418,86338616.08966085,35984553.26292602,0.4167839941464525
sensitivity_historical_humanpop_UKESM1-0-LL_SSP126_2070,pd_2000,SSP126,1,2070,0.10733762874557568,86338616.08966085,35281597.34985096,0.40864214586450814
sensitivity_historical_humanpop_UKESM1-0-LL_SSP245_2030,pd_2000,SSP245,1,2030,0.11004164056772715,86338616.08966085,39194407.852485426,0.45396150213692155
sensitivity_historical_humanpop_UKESM1-0-LL_SSP245_2050,pd_2000,SSP245,1,2050,0.10721233825555916,86338616.08966085,34447422.67648657,0.3989804821600758
sensitivity_historical_humanpop_UKESM1-0-LL_SSP245_2070,pd_2000,SSP245,1,2070,0.10586641516284334,86338616.08966085,32009170.115451626,0.37073990255079803
sensitivity_historical_humanpop_UKESM1-0-LL_SSP370_2030,pd_2000,SSP370,1,2030,0.10956420656662276,86338616.08966085,39067449.821387745,0.4524910357703326
sensitivity_historical_humanpop_UKESM1-0-LL_SSP370_2050,pd_2000,SSP370,1,2050,0.10583742066490529,86338616.08966085,32802307.794445854,0.3799262633580012
sensitivity_historical_humanpop_UKESM1-0-LL_SSP370_2070,pd_2000,SSP370,1,2070,0.10470341585586966,86338616.08966085,31300167.784895238,0.36252802283037133
UKESM1-0-LL_SSP126_2030,SSP1_2030,SSP126,0,2030,0.0973808807373381,182237789.9921421,77824547.81597462,0.42704944907052667
UKESM1-0-LL_SSP126_2050,SSP1_2050,SSP126,0,2050,0.09440978226358934,234273097.04331276,88058511.08042969,0.37587974117296663
UKESM1-0-LL_SSP126_2070,SSP1_2070,SSP126,0,2070,0.09351614916642542,262989553.11746946,92144204.15501012,0.3503721081797196
UKESM1-0-LL_SSP245_2030,SSP2_2030,SSP245,0,2030,0.09667585365405398,195769209.13493404,84462412.60121071,0.43143869750730285
UKESM1-0-LL_SSP245_2050,SSP2_2050,SSP245,0,2050,0.09212823697852576,276471532.001752,97739307.22239573,0.35352394698553036
UKESM1-0-LL_SSP245_2070,SSP2_2070,SSP245,0,2070,0.0906899866882481,341313107.45942736,102975139.67667998,0.30170285707214123
UKESM1-0-LL_SSP370_2030,SSP3_2030,SSP370,0,2030,0.0951947093720185,211999622.18008378,90919766.32704099,0.4288675866120596
UKESM1-0-LL_SSP370_2050,SSP3_2050,SSP370,0,2050,0.0893077303533896,333370478.3976805,109416137.03209524,0.3282118367468993
UKESM1-0-LL_SSP370_2070,SSP3_2070,SSP370,0,2070,0.0881211036315975,458941074.3473349,129411616.77897795,0.281978720172335
