OB_code,Cont,Reg,Cty_Dist,S_Cty,Villge,GPS_x,GPS_y,St_date,En_date,OB_Yr,OB_Mo,Landuse_changes,Presence_of_previous_ob,Pr_largeob,Pr_sporob,Pr_ngb.Arob,Hu_Cs,LS_Cs,OB_HU_LS,No_HU_cases,No_LS_cases,CASES,Type_cases,Predominant_LS_species,Size,Density_classification,Cattle_density,Sheep_density,Goat_density,Human_population_density,Host Density,Production_system,Annual_rainfall_3rd_yr_prior,Annual_rainfall_2nd_yr_prior,Annual_rainfall_prec_yr_to_OB,Annual_rainfall_OB_yr,Monthly_rainfall_OB_month,Monthly_rainfall_1st_month_prior_OB,Monthly_rainfall_2nd_month_prior_OB,Monthly_rainfall_3rd_month_prior_OB,Annual_temp_3rd_yr_prior_OB,Annual_temp_2nd_yr_prior_OB,Annual_temp_prec_yr_prior_OB,Annual_temp_OB_yr,Monthly_temp_OB_month,Monthly_temp_1st_month_prior_OB,Monthly_temp_2nd_month_prior_OB,Monthly_temp_3rd_month_prior_OB,Annual_humidity_3rd_yr_prior_OB,Annual_humidity_2nd_yr_prior_OB,Annual_humidity_prec_yr_prior_OB,Annual_humidity_OB_yr,Monthly_humidity_OB_month,Monthly_humidity_1st_month_prior_OB,Monthly_humidity_2nd_month_prior_OB,Monthly_humidity_3rd_month_prior_OB,Di_WLpark,Altitude,Elevation_below_1000,NDVI_change_1st_month_prior_OB,NDVI_change_2nd_month_prior_OB,NDVI_change_3rd_month_prior_OB,Average_change_NDVI,Soils,Elevation_Classification,OB_month_ndvi,First_month_prior_ndvi,Second_month_prior_ndvi,Third_month_prior_ndvi,Average_NDVI_to_OB,Positive_change_in_NDVI,Soils_new,Types_landuse_changes,Di_WLpark
1,Kenya,Central,Kiambu,Kikuyu,Kikuyu,36.66138498,-1.2543279,39714,,2008,September,1,0,0,0,1,0,1,LS,,5,5,1,Cattle,large,Medium,62.32954545,59.86931818,40.69318182,1082.255639,1245.147685,Intensive,762.5811024,1119.110842,740.4581285,663.0367975,24.7202663,9.090389252,23.13026237,12.8444376,24.73453936,25.18333356,24.81666728,24.65833378,26.20000076,23.39999962,22,21.70000076,62.62,68.25,68.94,65.25,58.25,62.56,65.62,65.75,20.4,2015.238997,0,0.0116,0.0254,0.02155,0.019516667,Nitisols,High,0.69695,0.68535,0.67155,0.6754,0.677433333,2,Clay soils,Residential,20.4
2,Kenya,Coastal,Kilifi,Kilifi,Mariakani,37.74723738,-0.34401692,40059,40131,2009,September,,1,0,1,1,0,1,LS,,22,22,1,Goats,small,Medium,51.49856322,10.3362069,99.19683908,115.9347512,276.9663604,Intensive,1629.008871,1185.262225,950.2497063,968.4073835,6.252085209,9.896954536,9.34568882,7.132274628,27.71666702,27.58333381,27.53333378,28.24166711,29.10000038,26.80000114,25.89999962,27,70.31,71.62,68.38,66.56,57.75,62.62,62.38,67.75,92,204,1,0.08845,0.0122,0.01855,0.039733333,Nitisols,Low,0.7024,0.61395,0.6902,0.68385,0.662666667,2,Clay soils,,92
3,Kenya,North_Eastern,Garissa,Ijara,Kotile,40.56705892,-1.6755655,40115,,2009,October,,1,1,1,1,0,1,LS,,2,2,1,Goats,small,Medium,32.16720933,57.98435038,66.22623674,57.9843372,214.3621337,Extensive,1225.857718,994.4635413,859.0414181,968.4108973,321.4976807,18.4030056,20.7750206,37.67130661,32.16666651,32.65833391,31.89166768,32.49166759,31.80000114,31.5,30.70000076,30.10000038,72.38,72.19,68.5,67.25,74.69,62.06,66.12,70.19,44.4,53.83890893,1,0.02335,-0.04305,-0.2241,-0.081266667,other,Low,0.3287,0.30535,0.37175,0.5528,0.409966667,2,Clay soils,,44.4
4,Kenya,North_Eastern,Garissa,Ijara,Sangailu,40.88313607,-1.5303188,40114,,2009,October,,1,1,1,1,0,1,LS,,2,2,1,Goats,small,Medium,32.16720933,57.98435038,66.22623674,57.9843372,214.3621337,Extensive,2378.016382,1680.857994,859.0414181,968.4108973,476.5320378,28.49485541,51.22542525,58.67902708,32.25000079,31.96666762,31.89166768,32.49166759,31.80000114,31.5,30.70000076,30.10000038,72.38,72.19,68.5,67.25,74.69,62.06,66.12,70.19,30.3,51.79089869,1,0.1869,0.0893,-0.01705,0.086383333,Planosols,Low,0.7173,0.5304,0.628,0.73435,0.630916667,2,Clay soils,,30.3
5,Kenya,Rift_Valley,Baringo,Marigat,Oldebes,35.90894298,0.45068975,40122,,2009,November,,1,1,1,1,0,1,LS,,1,1,1,Goats,small,High,60.46120059,75.42606149,201.4304539,62.58084492,399.8985609,Extensive,953.93788,1104.898885,708.7818203,715.2111728,44.66220474,39.88703918,27.23547363,35.33766174,26.39166714,26.558334,26.11666695,26.72500038,25.60000038,27.30000114,27,24.60000038,68.94,72.88,68,65.25,71.25,72.81,62.75,68.88,22.5,1302.521,0,0.1075,0.14955,0.12445,0.127166667,other,High,0.3924,0.2849,0.24285,0.26795,0.265233333,2,Sandy soils,Industrial,22.5
6,Kenya,Rift_Valley,Baringo,Marigat,Salabani,35.90894298,0.45068975,40122,,2009,November,,1,1,1,1,0,1,LS,,2,2,1,Goats,small,High,60.46120059,75.42606149,201.4304539,62.58084492,399.8985609,Extensive,953.93788,1104.898885,708.7818203,664.9157016,44.66220474,39.88703918,27.23547363,35.33766174,26.39166714,26.558334,26.11666695,26.72500038,25.60000038,27.30000114,27,24.60000038,68.94,72.88,68,65.25,68.06,72.81,62.75,68.88,22.5,1302.521,1,0.1075,0.14955,0.12445,0.127166667,other,High,0.3924,0.2849,0.24285,0.26795,0.265233333,2,Sandy soils,Industrial,22.5
7,Kenya,Eastern,Machakos ,Machakos ,Machakos ,37.22608737,-1.58948027,40457,,2010,October,,1,0,1,1,0,1,LS,,5,5,1,Goats,small,Low,41.44776119,15.69552239,62.67761194,608.8722341,728.6931296,Semi_intensive,471.1683283,510.1529177,465.386337,647.3691139,24.07017899,6.599265099,0.269892871,0.110150129,25.88333359,25.90000025,26.54166698,26.34166718,28.30000114,25.89999962,24.30000114,23.30000114,72.88,68,65.25,75.5,75.44,76.44,80.44,81.62,131,1604.536286,0,0.0041,-0.06215,-0.09275,-0.050266667,Ferralsols,High,0.3117,0.3076,0.37385,0.40445,0.361966667,2,Clay soils,,131
8,Kenya,Central,Kiambu,Thika_West,Thika_West,37.1627001,-1.06595808,40457,,2010,October,,1,0,1,1,0,1,LS,,5,5,1,Cattle,large,Low,25.68202765,12.16129032,25.92165899,2689.496718,2753.261695,Intensive,652.15695,701.9408575,593.4076233,859.796945,57.49240875,5.98542738,8.178719521,3.906742096,26.58333403,26.55833371,27.20833365,26.90833346,27.9,27.8,25.5,24.5,72.69,69.62,67.62,72.88,66.19,65.56,67.56,70.25,48.5,1459.329403,0,0.10595,0.0618,-0.0955,0.024083333,Fluvisols,High,0.4019,0.29595,0.3401,0.4974,0.377816667,2,Loam soils,,48.5
9,Kenya,Central,Kiambu,Ruiru ,Ruiru ,37.12083699,-1.20259546,40457,,2010,October,,0,0,0,1,0,1,LS,,1,1,1,Goats,small,Low,40.59668508,30.25966851,44.38674033,1845.405271,1960.648365,Intensive,569.2400186,647.7270856,584.656367,794.6281079,43.38236618,5.660404205,5.136375427,1.528465033,26.55833403,27.15000006,26.55833371,27.20833365,28.89999962,26.70000076,25,23.89999962,72.69,69.62,67.62,72.88,66.19,65.56,67.56,70.25,15.4,1457.225663,0,0.0149,-0.0192,-0.0729,-0.025733333,Cambisols,High,0.2532,0.2383,0.2724,0.3261,0.278933333,2,Loam soils,,15.4
10,Kenya,Nairobi,Nairobi,Kamulu,Kamulu,37.12083699,-1.20259546,40457,,2010,October,,0,0,0,1,0,1,LS,,1,1,1,Cattle,large,Low,31.76315789,17.57894737,26.73026316,4821,4897.072368,Intensive,569.2400186,580.6166162,525.659348,766.1505179,40.82257843,7.134277344,0,0,26.55833403,27.15000006,26.55833371,27.20833365,28.89999962,26.70000076,25,23.89999962,72.69,69.62,67.62,72.88,66.19,65.56,67.56,70.25,24.1,1146,0,-0.01545,-0.0707,0.00885,-0.025766667,Cambisols,High,0.2645,0.27995,0.3352,0.25565,0.290266667,1,Loam soils,,24.1
11,Kenya,North_Eastern,Garissa,Ijara ,Fafi,40.25089758,-0.43266492,40870,40915,2011,November,,1,1,1,1,0,1,LS,,3,3,1,Goats,small,Medium,22.33369003,57.38273587,99.25700018,58.05527082,237.0286969,Extensive,364.0442894,417.3619579,406.1777619,493.4567749,213.8441467,135.5618591,8.559456825,2.846504211,33.90000105,34.51666737,34.24166711,34.14166784,33.60000229,33.60000229,33.40000153,31.80000114,62.19,61,64.38,61.88,76.12,69.88,59.12,60.19,118,135.0970193,1,0.042,0.18195,0.226,0.149983333,Planosols,Low,0.3687,0.3267,0.18675,0.1427,0.218716667,2,Clay soils,,118
12,Kenya,Coastal,Lamu,Witu,Witu,40.43090174,-2.38248559,40901,40915,2011,December,,1,0,1,1,0,1,LS,,7,7,1,Cattle,large,Low,22.94024857,10.02342256,22.14077438,9.525399067,64.62984457,Extensive,479.7802844,429.2931888,591.7196272,451.0533852,84.67498779,78.37260437,33.04053116,17.44057655,31.65000041,32.30000019,32.06666756,31.9333334,32.29999924,32,31.10000038,30.39999962,75.69,74.88,76,74.94,77.94,80.06,79.88,74.38,80.7,17.79651783,1,-0.1757,-0.02045,0.0989,-0.032416667,other,Low,0.66165,0.83735,0.6821,0.56275,0.694066667,1,Loam soils,,80.7
13,Kenya,North_Eastern,Garissa,Ijara ,Ijara ,40.82264567,-1.52210528,41395,,2013,May,,1,1,1,1,0,1,LS,,18,18,1,Goats,small,Medium,32.16720933,57.98435038,66.22623674,57.9843372,214.3621337,Extensive,955.4369812,959.2494507,756.177351,877.6866398,259.885498,113.3374329,121.1654663,6.315332413,32.29166746,32.16666746,31.95833429,32.16666651,31.60000038,33.29999924,34.29999924,34.20000076,71.31,67.81,67.19,69.94,83.56,81.69,64.75,58.81,41.2,54.18841966,1,0.06735,-0.00215,0.1288,0.064666667,Planosols,Low,0.6721,0.60475,0.67425,0.5433,0.607433333,2,Clay soils,,41.2
14,Kenya,Central,Muranga,Kandara ,Ngararia ,37.02083493,-0.93262001,41760,,2014,May,1,1,0,1,1,1,1,HU_LS,3,7,10,2,Cattle,large,Medium,133.6737288,26.03389831,79.75847458,746.3682864,985.8343881,Intensive,951.6959924,1348.910482,1145.147907,817.3578854,91.95373535,92.38394928,139.0617981,69.95591736,27.12500016,26.85833359,27.16666714,26.94166724,26.60000038,27.10000038,29.20000076,29.5,70.62,70.81,72,71.06,74.5,74.94,72.56,69.06,34.9,1582.571004,0,0.02365,0.05935,0.0867,0.056566667,Nitisols,High,0.80195,0.7783,0.7426,0.71525,0.745383333,2,Clay soils,Industrial,34.9
15,Kenya,North_Eastern,Garissa,Garissa,Garissa,39.59074632,-0.24856877,42524,,2016,June,,1,1,1,1,0,1,LS,,7,7,1,Goats,small,High,52.96466974,103.374808,237.0122888,50.73637292,444.0881394,Extensive,232.5365873,264.7282894,362.1856476,294.9969193,0.124424413,2.966637611,42.99237442,9.757511139,34.30833435,34.2250007,34.24166711,34.75000159,33.10000229,34.40000153,36.10000229,38,58.75,57.69,57.56,54.19,57.5,59.94,58.12,46.38,40,201.0895896,1,-0.03855,-0.01605,0.0117,-0.0143,Planosols,Low,0.24225,0.2808,0.2583,0.23055,0.25655,1,Clay soils,,40
16,Kenya,North_Eastern,Isiolo,Saleti ,Saleti ,38.56104475,0.48991436,43245,43311,2018,May,,1,1,1,1,1,1,HU_LS,29,68,97,2,Goats,small,High,104.5717256,232.043659,365.6611227,3.700312762,705.97682,Extensive,327.5055561,208.9849963,148.6978746,551.1489738,NA,219.2763252,193.9537001,6.444432497,33.30000083,33.78333426,33.50833448,33.2000006,32.20000076,33.5,34.79999924,35.60000229,52.56,48,51.31,53.94,70.31,73.19,61.62,44.44,70,511.3880521,1,-0.05255,0.00625,0.07965,0.011116667,other,Medium,0.26105,0.3136,0.2548,0.1814,0.249933333,1,Clay soils,,70
17,Kenya,North_Eastern,Isiolo,Garbatulla,Garbatulla,38.56104475,0.48991436,43245,43311,2018,May,,1,1,1,1,0,1,LS,,12,12,1,Goats,small,High,35.50667365,128.7246794,159.0999738,10.07170269,333.4030296,Extensive,549.7329043,390.9396383,223.4642769,625.2113369,13.1972723,305.9154663,136.5005951,5.668034554,33.30000083,33.78333426,33.50833448,33.2000006,32.20000076,33.5,34.79999924,35.60000229,52.56,48,51.31,53.94,70.31,73.19,61.62,44.44,47.2,511.3880521,1,-0.0706,0.05485,0.2115,0.06525,other,Medium,0.4124,0.483,0.35755,0.2009,0.34715,1,Clay soils,,47.2
18,Kenya,North_Eastern,Garissa,Garissa,Garissa,39.59074632,-0.24856877,43245,43311,2018,May,,1,1,1,1,0,1,LS,,10,10,1,Goats,small,High,71.68399168,139.9106029,320.7796258,50.73637292,583.1105933,Extensive,362.1856476,294.9969193,173.6151522,508.3493381,208.7600708,639.9273682,455.5905151,12.44965839,34.24166711,34.75000159,34.49166775,34.19166803,33.5,34.60000229,35.90000153,36.60000229,57.56,54.19,55.25,59.44,72.19,72.62,62.25,46.31,40,201.0895896,1,-0.15305,0.22505,0.3126,0.1282,Planosols,Low,0.4841,0.63715,0.25905,0.1715,0.3559,1,Clay soils,,40
19,Kenya,North_Eastern,Wajir,Eldas,Basir ,39.51882807,2.44880533,43245,43311,2018,May,,1,1,1,1,1,1,HU_LS,21,22,43,2,Goats,small,High,87.78226858,355.9178618,580.357236,19.91651665,1043.973883,Extensive,234.5860661,281.4355749,231.2231461,528.5754783,6.742080688,147.3369598,75.52603912,6.00369072,32.12500079,32.44166756,32.20000045,31.83333397,30.60000038,31.70000076,33.90000153,34.79999924,53.69,54.31,38.94,54.25,79.56,79.56,59.56,39.94,176,406.8951358,1,0.03875,0.138,0.1452,0.107316667,other,Low,0.32575,0.287,0.18775,0.18055,0.218433333,2,Clay soils,,176
20,Kenya,North_Eastern,Wajir,Eldas,Eldas,39.55088505,2.52706954,43245,43312,2018,May,,1,1,1,1,0,1,LS,,8,8,1,Goats,small,High,87.78226858,355.9178618,580.357236,19.91651665,1043.973883,Extensive,234.5860661,281.4355749,231.2231461,528.5754783,6.742080688,147.3369598,75.52603912,6.00369072,32.12500079,32.44166756,32.20000045,31.83333397,30.60000038,31.70000076,33.90000153,34.79999924,53.69,54.31,38.94,54.25,79.56,79.56,59.56,39.94,176,445.2155138,1,0.03875,0.138,0.1452,0.107316667,other,Low,0.32575,0.287,0.18775,0.18055,0.218433333,2,Sandy soils,,176
21,Kenya,North_Eastern,Mandera,Elwak,Elwak,41.00985584,2.97146354,43245,43311,2018,May,,1,1,1,1,0,1,LS,,2,2,1,Goats,small,Medium,37.13095238,71.953125,155.3638393,54.66079894,319.1087156,Extensive,361.9066736,299.2107052,332.8887244,577.3280855,56.81142426,170.2298279,93.40976715,4.721770287,33.35000086,33.63333368,33.4083341,33.05833451,31.80000114,33.10000229,35.60000229,36.20000076,54.75,52.5,51.81,56.62,74.12,73.25,52.44,41.38,349,392.1175154,1,0.24755,0.27425,0.4192,0.313666667,other,Low,0.64995,0.4024,0.3757,0.23075,0.336283333,2,Clay soils,,349
22,Kenya,North_Eastern,Marsabit,Marsabit,Marsabit,37.89983449,2.45009563,43245,43311,2018,May,1,1,1,1,1,1,1,HU_LS,8,26,34,2,Goats,small,Medium,48.01636364,53.88,105.4254545,6.480947676,213.8027659,Extensive,331.8112722,305.3199271,289.0006796,519.8330365,8.765613556,246.226059,148.3484955,7.920332909,31.29166698,31.53333394,31.35000038,30.95833413,30.30000114,30.70000076,31.80000114,32.60000229,50.88,49.5,48.75,55.56,70.06,77.94,61.19,40.62,1,743.8160555,1,0.0206,0.28205,0.3774,0.226683333,other,Medium,0.5282,0.5076,0.24615,0.1508,0.301516667,2,Sandy soils,Industrial,1
23,Kenya,North_Eastern,Tana_River,Tana_Delta ,Dhidhe_Ade,40.26515673,-2.55091867,43262,43311,2018,June,1,1,1,1,1,1,1,HU_LS,,7,7,1,Sheep,small,Low,13.67691572,20.95618926,17.90720089,8.774697319,61.3150032,Extensive,426.5169628,224.2802141,295.8383447,461.655036,56.54423523,156.0853424,75.09960938,32.73636627,32.06666724,32.38333384,32.18333356,31.89166752,30,30.80000114,32.90000153,33.5,71.56,67.12,68.88,72.81,80.88,85.5,79.56,71.38,92,1.319382747,1,0.1015,0.3464,0.1955,0.214466667,other,Low,0.70455,0.60305,0.35815,0.50905,0.490083333,2,Clay soils,Industrial,92
24,Kenya,North_Eastern,Tana_River,Galole,Galole,39.50298485,-1.49518169,43262,43311,2018,June,1,1,1,1,1,0,1,LS,,1,1,1,Goats,small,Low,2.951817238,10.50155763,26.09979232,4,43.55316719,Extensive,454.161241,232.4424589,258.553586,629.0877043,21.18291283,9.659893036,137.8439484,183.9120789,34.34166686,34.76666705,34.52500057,34.20833365,32.20000076,33.29999924,35.10000229,35.79999924,63.88,59.12,60.38,64.5,70.25,78.12,77.19,68.31,71,175.6786962,1,-0.0919,-0.1163,-0.0284,-0.078866667,Planosols,Low,0.25985,0.35175,0.37615,0.28825,0.338716667,1,Clay soils,Industrial,71
25,Kenya,Nyanza,Siaya,Alego_Usonga,Uriri ,34.23274632,0.06161127,43245,43311,2018,June,,0,0,0,0,1,1,HU_LS,1,29,30,2,Cattle,large,Medium,127.8317308,44.81891026,44.09455128,374.5917515,591.3369439,Intensive,1923.151771,1314.828602,1801.092833,1739.188934,304.3605347,298.6231384,226.3654785,81.96324921,29.54166714,30.18333387,29.95833413,29.6666673,28.30000114,28.89999962,29.60000038,32.10000229,69.56,68.06,67.25,71.12,78.25,81.44,77.62,56.06,44,1249.152343,0,0.0257,0.2354,0.3591,0.206733333,Cambisols,High,0.7758,0.7501,0.5404,0.4167,0.569066667,2,Loam soils,,44
26,Kenya,Rift_Valley,Baringo,Baringo_south,Ilchamus,35.90894298,0.45068975,43280,43311,2018,June,1,1,1,1,1,0,1,LS,,2,2,1,Goats,small,High,60.46120059,75.42606149,201.4304539,34.85592215,372.1736381,Extensive,926.9456462,1018.783869,1235.591116,1583.176162,312.4493713,319.4022522,290.0791016,151.4466858,30.35000054,30.96666749,30.63333384,30.383334,29.60000038,29.80000114,30.30000114,30.80000114,59.25,61.94,61.25,66.44,80.88,78.44,77.56,66.81,27.4,972.1342084,1,,,,,other,Medium,,,,,,,Clay soils,Industrial,27.4
27,Kenya,Rift_Valley,Baringo,Baringo_south,Mogotio,35.86454551,0.08177533,43280,43311,2018,June,1,1,1,1,1,0,1,LS,,2,2,1,Goats,small,High,183.8854167,146.7013889,327.0451389,66.24300153,723.874946,Extensive,854.1982003,983.8936577,1101.72781,1414.152694,220.743988,279.8207397,319.7309875,167.4126587,25.90833394,26.55000067,26.25000048,25.97500054,24.70000076,25,25.80000114,26.80000114,76.12,80.75,77.81,82.81,88.44,86.94,87.44,84.12,35.6,1636.59768,0,-0.00165,0.0527,0.22255,0.0912,Cambisols,High,0.7316,0.73325,0.6789,0.50905,0.6404,1,Loam soils,Industrial,35.6
28,Kenya,Eastern,Meru,Igembe_Central,Igembe_Central,37.99716378,0.29989019,43288,43311,2018,June,,1,0,1,1,0,1,LS,,1,1,1,Goats,small,Medium,51.77690802,22.94911937,103.446184,366.5154776,544.6876889,Intensive,1794.529697,1108.978943,983.715642,1951.218702,37.97121429,33.24743271,208.7600708,639.9273682,27.47500022,27.47500022,27.15833362,26.89166705,25.10000038,25.60000038,25.89999962,26.89999962,55.44,55.5,53.94,60.06,60.5,68.38,74.88,78.06,15.6,1327.14974,0,-0.0979,-0.11715,-0.02985,-0.081633333,other,High,0.70245,0.80035,0.8196,0.7323,0.784083333,1,Loam soils,,15.6
29,Kenya,Central,Muranga,Kiharu,Gaturi ,37.11762082,-0.66082695,43494,43545,2019,January,1,1,0,1,1,1,1,HU_LS,3,4,7,2,Cattle,large,Medium,73.95539033,12.46468401,101.1710037,520.6198347,708.2109128,Intensive,1158.927948,958.5582695,2057.008699,1748.564457,32.45480347,136.931778,173.261322,89.32737732,27.53333362,27.29166714,26.99166711,27.52500041,28.30000114,27.60000038,27.70000076,28.89999962,78.38,76.12,82.44,77,77.06,84.69,84.88,82.62,26.8,1442.002715,0,-0.012,-0.02775,-0.01225,-0.017333333,Cambisols,High,0.71175,0.72375,0.7395,0.724,0.729083333,1,Loam soils,Mixed,26.8
30,Kenya,Central,Nyandarua,Ol_kalau,Rurii ,36.37819305,-0.21193184,43489,43545,2019,January,1,0,0,0,1,1,1,HU_LS,15,1,16,2,Sheep,small,Medium,67.48603352,92.01303538,29.73556797,402.9850746,592.2197115,Intensive,1015.955059,1052.730486,1652.038555,1175.969777,23.00709343,87.69384003,64.0918045,73.83343506,23.24166695,22.9750007,22.72500038,23.20833365,24.60000038,23.5,22.89999962,23.39999962,72.44,70.25,76.38,72.06,67.38,77.38,77.19,76.06,23.2,2422.470607,0,-0.02845,-0.0793,-0.1497,-0.085816667,other,High,0.5843,0.61275,0.6636,0.734,0.670116667,1,Clay soils,Industrial,23.2
31,Kenya,Central,Nyandarua,Ol_kalau,Karau,36.33845537,-0.31679704,43489,43545,2019,January,1,0,0,0,1,1,1,HU_LS,,1,1,1,Sheep,small,Medium,67.48603352,92.01303538,29.73556797,402.9850746,592.2197115,Intensive,943.0500622,1042.372625,1617.960861,1191.359264,18.05995178,86.87857056,68.50332642,87.65775299,23.24166695,22.9750007,22.72500038,23.20833365,24.60000038,23.5,22.89999962,23.39999962,82.44,75.81,83.69,85.69,78,83.69,83.94,82.5,31.2,2463.722111,0,-0.0711,-0.0581,0.00365,-0.04185,other,High,0.67945,0.75055,0.73755,0.6758,0.7213,1,Clay soils,Industrial,31.2
32,Kenya,Central,Nyandarua,Ndaragua,Shamata,36.552451,-0.19327003,43489,43545,2019,January,1,0,0,0,1,1,1,HU_LS,,3,3,1,Sheep,small,Medium,67.48603352,92.01303538,29.73556797,141.4137405,330.6483773,Intensive,1130.547287,1228.441757,1881.345055,1436.505945,35.65128708,116.2873306,100.5065155,98.43986511,20.92500003,20.64166737,20.38333384,20.87500016,22.39999962,21.60000038,20.80000114,21.10000038,72.44,70.25,76.38,72.06,67.38,77.38,77.19,76.06,8.35,2866.510328,0,-0.0033,-0.01985,0.00675,-0.005466667,Nitisols,High,0.80065,0.80395,0.8205,0.7939,0.806116667,1,Clay soils,Industrial,8.35
33,Kenya,North_Eastern,Isiolo,Garbatulla ,Sericho,38.97617779,0.88473423,44154,44273,2020,November,,1,1,1,1,1,1,HU_LS,12,24,36,2,Goats,small,High,35.50667365,128.7246794,159.0999738,10.07170269,333.4030296,Extensive,84.84576217,410.2920817,260.0563997,252.4919963,14.84595013,26.14289093,0.603422463,2.61E-08,33.80833435,33.49166743,33.97500102,33.95833429,33.20000076,35.10000229,34,32.70000076,49.19,53.75,53.19,56.12,61.81,47.44,49.5,51.62,80.8,304.6623324,1,0.0733,0.08825,0.07885,0.080133333,Planosols,Low,0.2424,0.1691,0.15415,0.16355,0.162266667,2,Clay soils,,80.8
34,Kenya,North_Eastern,Isiolo,Merti,Cherab ,38.85957924,1.52289113,44154,44273,2020,November,,1,1,1,1,1,1,HU_LS,,20,20,1,Goats,small,Low,9.662378696,28.35195216,27.781652,3.700312762,69.49629561,Extensive,114.0053863,378.3036433,254.9068658,278.1906442,18.55358505,17.67777824,0.593295217,2.93E-08,34.13333416,33.766668,34.24166711,34.26666768,33.60000229,35,34.10000229,33,48.69,53.94,53.25,55.75,64.19,47.25,48.62,50.44,124,271.9837293,1,0.1605,0.1657,0.1675,0.164566667,other,Low,0.3733,0.2128,0.2076,0.2058,0.208733333,2,Clay soils,,124
35,Kenya,North_Eastern,Garissa,Balambala ,Jarajara_Danyere,38.95400106,0.18441486,44154,44273,2020,November,,1,1,1,1,0,1,LS,,1,1,1,Goats,small,Medium,21.82403433,45.96443899,172.0797057,8.755734101,248.6239131,Extensive,166.3359941,421.1360672,447.1140616,307.8726233,32.6128006,28.53772163,2.151094437,3.92E-08,32.95833365,33.2000006,33.70000076,33.65833441,33,34.90000153,33.70000076,32.20000076,53.38,59.06,57.62,60.94,65.94,52.12,53.5,55.12,10.3,377.0423409,1,0.1899,0.2503,0.24555,0.228583333,other,Low,0.4839,0.294,0.2336,0.23835,0.255316667,2,Clay soils,,10.3
36,Kenya,North_Eastern,Garissa,Ijara,Masalani_Qalaqal,40.26611577,-1.72085548,44154,44273,2020,November,,1,1,1,1,0,1,LS,,3,3,1,Goats,small,High,149.251462,269.0394737,307.2807018,57.9843372,783.5559746,Extensive,675.3324767,1016.246202,995.7397652,817.7423476,87.31707764,28.18106461,15.47008514,24.13863754,33.27500025,32.95833365,33.56666772,33.33333413,33.90000153,33.90000153,32.29999924,31.39999962,62.69,68,67.75,69.38,66.81,62.5,65.06,69.06,23.6,77.10158504,1,0.34645,0.035,0.1718,0.184416667,other,Low,0.4988,0.15235,0.4638,0.327,0.314383333,2,Clay soils,,23.6
37,Kenya,North_Eastern,Mandera,Mandera_North,Kalmalab ,40.93091122,2.42707744,44154,44273,2020,November,,1,1,1,1,1,1,HU_LS,2,3,5,2,Goats,small,Medium,10.71541822,43.65183627,110.5639864,28.27629587,193.2075368,Extensive,391.7000187,652.2652384,589.5830716,401.6479469,39.74828339,18.98568344,3.341666937,5.890129566,34.41666762,34.05000067,34.52500121,34.56666724,34.10000229,34.60000229,33.79999924,32.60000229,54.31,60.25,60.38,59.12,71.62,62.19,56.75,55.69,349,40.93091122,1,0.17905,0.1578,0.23875,0.191866667,Cambisols,Low,0.4727,0.29365,0.3149,0.23395,0.280833333,2,Loam soils,,349
38,Kenya,Central,Muranga,Gatanga,Kihumbuini ,36.98083414,-0.93262002,44194,44273,2020,December,1,1,0,1,1,1,1,HU_LS,2,4,6,2,Cattle,large,Low,57.18877551,16.52891156,52.9744898,353.1636295,479.8558064,Intensive,840.116312,1958.633257,1518.64819,1574.221804,61.92948914,164.668045,80.46125031,33.88253784,20.95833365,20.69166708,21.19166724,20.86666679,22.39999962,20.5,21.89999962,20.70000076,66.44,74.25,68.94,75.31,74.75,79.06,62.31,65.62,23.2,1645.464369,0,0.02685,0.0916,0.1089,0.075783333,Nitisols,High,0.80385,0.777,0.71225,0.69495,0.728066667,2,Clay soils,Mixed,23.2
39,Kenya,Central,Muranga,Kandara ,Ngararia ,37.02589597,-0.93432527,44194,44273,2020,December,1,1,0,1,1,0,1,LS,,10,10,1,Cattle,large,Medium,133.6737288,26.03389831,79.75847458,745.0511509,984.5172526,Intensive,771.2489739,1815.227268,1448.51626,1434.6117,56.27309418,137.9646759,68.30049896,31.57828522,27.29166714,26.99166711,27.52500041,27.28333362,27.70000076,26.89999962,29.20000076,27.80000114,66.44,74.25,68.94,75.31,74.75,79.06,62.31,65.62,34.9,1589.268123,0,0.04225,0.13715,0.1865,0.121966667,Nitisols,High,0.8241,0.78185,0.68695,0.6376,0.702133333,2,Clay soils,Mixed,34.9
40,Kenya,Central,Kiambu,Kikuyu,Kikuyu,36.61364011,-1.24851328,44361,44428,2021,June,1,1,0,1,1,0,1,LS,,4,4,1,Cattle,large,Medium,62.32954545,59.86931818,40.69318182,1082.255639,1245.147685,Intensive,1669.564221,1249.829188,1298.164681,923.8624373,9.739826202,244.4503784,117.7002182,40.17780304,24.70000013,25.18333356,24.85000022,27.9,27.9,27.6,28,28.2,68.88,65.31,70.81,64.88,68.5,75.5,70.56,56.88,20.4,2015.238997,0,-0.0682,0.1432,-0.0231,0.0173,Nitisols,High,0.5565,0.6247,0.4133,0.5796,0.5392,1,Clay soils,,20.4
41,Kenya,Central,Nyandarua,Nyandarua,Nyandarua,36.6167,-0.55,44409,,2021,August,1,1,0,1,1,0,1,LS,,4,4,1,Sheep,small,Medium,68.00611326,89.37001287,11.90765766,194.2627142,363.546498,Intensive,1821.340212,1255.588033,1522.655165,1019.394105,84.75901794,75.81320429,29.00457001,218.7563515,27.9,27.15,28.2,27.9,27.9,27.6,28,28.2,72.1,70.8,70.8,72.8,74,76.7,77.6,77.1,9.8,2420,0,-0.01985,0.0095,-0.06515,-0.025166667,,High,0.64035,0.6602,0.63085,0.7055,0.665516667,1,,Industrial,9.8
42,Uganda,Western,Kabale,Kamuganguzi,Kicumbi,29.992297,-1.330204,42431,42456,2016,March,1,0,0,0,1,1,1,HU_LS,3,1,4,2,,NA,Medium,33.16577711,2.755478256,127.7657387,338.0809595,501.7679536,Semi_intensive,1098.821211,925.6727682,1020.303303,1115.190194,174.8335896,36.23820496,74.9434545,67.93511248,26.34166686,25.78333394,25.80000035,26.26666705,27.39999962,26.60000038,25.70000076,25.30000114,77.81,79.5,78.81,77.88,77.12,75.56,82.56,85.06,,1982,0,0.04955,0.16145,0.16005,0.123683333,Ferralsols,High,0.6636,0.61405,0.50215,0.50355,0.539916667,2,Clay soils,Other,
43,Uganda,Western,Kabale,Kab.Tn_N.Divi,Rushambya,30.533402,-0.7501,42432,42457,2016,March,1,0,0,0,1,1,1,HU_LS,3,1,4,2,Cattle,large,Low,15.63895122,0.887158579,85.90971497,1603.896875,1706.3327,Semi_intensive,1050.281068,988.4229144,930.2424989,999.0061498,133.1929393,50.09706926,67.44256949,78.66575813,27.9,27.15,28.2,27.9,27.9,27.6,28,28.2,72.62,74.56,73.12,71.38,71.62,65.88,75.56,82.06,,2000,0,0.0009,-0.0047,0.219,0.071733333,Ferralsols,High,0.65805,0.65715,0.66275,0.43905,0.586316667,2,Clay soils,Other,
44,Uganda,Western,Kabale,Kab.Tn_C.Divi,Rujendera,30.000723,-1.242003,42433,42458,2016,March,1,0,0,0,1,1,1,HU_LS,3,1,4,2,,NA,Medium,48.60626302,4.32689537,150.7432931,2259.887006,2463.563457,Semi_intensive,1109.375219,921.4250207,1005.354171,1092.262092,173.5952787,37.05596828,78.24309945,66.30983257,27.9,27.15,28.2,0,27.9,27.6,28,28.2,74.06,76.19,75.5,73.44,73.25,69.38,78.5,82.94,,2000,0,0.06015,0.0182,-0.04345,0.011633333,Ferralsols,High,0.7124,0.65225,0.6942,0.75585,0.700766667,2,Clay soils,Other,
45,Uganda,Western,Isingiro,Mbaare,Katojo_Central,29.76666616,-0.01546487,42930,42971,2017,July,1,1,0,1,1,1,0,HU,3,,3,0,Cattle,large,High,446.6468591,0.531842733,64.54840233,170.3273933,682.0544974,Semi_intensive,845.0396842,894.2065854,899.612191,843.7125987,29.43449402,21.89682388,52.97296524,87.48419189,27.89166721,27.80833387,28.24166695,28.15833346,27.39999962,27.60000038,28.10000038,29.10000038,71.62,71.62,71.31,72.44,71.12,70.69,79.44,78.19,10,1535,0,0.0293,-0.07695,-0.04195,-0.029866667,other,High,0.4059,0.3766,0.48285,0.44785,0.435766667,2,Loam soils,Agricultural,10
46,Uganda,Western,Kiboga,Kibiga,Busakya  ,31.748347,0.874579,43053,43075,2017,November,1,0,0,0,1,1,1,HU_LS,1,,1,0,Cattle,large,Low,26.16752019,6.03538554,35.45728638,173.6070381,241.2672302,Semi_intensive,1111.801912,1144.849123,1218.883095,1117.540702,88.51712286,108.0741653,141.6345642,110.1306,28.21666718,28.13333368,28.65833346,28.50833368,28,28.5,27.60000038,28.05000019,74.44,74.12,74.44,71.06,75.81,76.75,77.69,75.56,,2331,0,0.00225,0.0493,0.125,0.05885,,High,0.82715,0.8249,0.77785,0.70215,0.7683,2,,Mixed,
47,Uganda,Western,Mityana,Busimbi ,Gombe_mwalo,32.105016,0.287637,43055,43075,2017,November,1,0,0,0,1,1,1,HU_LS,1,,1,0,Cattle,large,Low,35.72257625,12.2051325,43.71284695,561.3825983,653.023154,Semi_intensive,1253.143553,1341.166818,1175.745419,1330.494798,142.4749203,129.3727865,131.8592167,78.05984998,27.92500067,27.88333368,28.45833365,28.30000019,27.70000076,28.60000038,27.5,27.89999962,78.12,77.81,77.44,75.75,80.94,79.81,78.25,76.25,,1230,0,-0.0461,0.0448,0.03945,0.012716667,Nitisols,High,0.7503,0.7964,0.7055,0.71085,0.737583333,1,Clay soils,Mixed,
48,Uganda,Western,Kiruhura,Kanyaryeru,Rushororo,30.719096,-0.205179,43066, ,2017,November,0,0,0,0,0,1,1,HU_LS,4,,4,0,Cattle,large,Low,54.63951733,0.321065373,45.24082407,60.72607261,160.9274794,Semi_intensive,952.5255556,927.7435455,916.4008782,947.2789502,118.4503188,125.2023969,116.1987298,111.9114623,28.45000029,28.39166657,28.98333359,28.83333381,28.60000038,29.30000114,28.20000076,28.20000076,74.56,74.31,73.62,74.69,82.31,79.31,77.69,73.25,52.9,1225,0,0.0441,0.0573,0.2257,0.109033333,Ferralsols,High,0.8148,0.7707,0.7575,0.5891,0.705766667,2,Clay soils,,52.9
49,Uganda,Western,Kyankwanzi,Butemba,Misabwe,31.596401,1.126574,43083,43104,2017,December,0,0,0,0,1,1,0,HU,1,,1,0,Cattle,large,Low,44.09394486,3.047225435,17.39564832,172.3666211,236.9034397,Semi_intensive,1082.693266,1133.744731,1185.965628,1017.21025,16.56256866,93.97595501,99.29803276,152.2683114,28.80000051,28.70833365,29.20000045,29.07500045,28.80000114,29,27.89999962,28.20000076,74.44,74.12,74.44,71.06,54.5,75.81,76.75,77.69,79.5,1107,0,-0.1072,-0.10785,-0.06855,-0.094533333,Nitisols,High,0.49955,0.60675,0.6074,0.5681,0.594083333,1,Clay soils,,79.5
50,Uganda,Central,Buikwe,Kawolo,Lugazi,32.931053,0.360415,43115,43132,2018,January,1,0,0,0,0,1,0,HU,1,,1,0,Cattle,large,Low,29.28572409,17.13620464,67.79391404,363.3491311,477.5649739,Intensive,1583.029684,1293.699375,1347.903733,1535.735334,38.74742365,31.95485282,139.7360072,105.3216128,28.94791694,29.55208373,29.36875037,29.14791711,29.60000086,29.62500048,29.17500067,29.875,73.38,74.06,71.75,74.12,60.12,62.56,75.19,75,1,1223,0,-0.0643,0.1038,-0.07765,-0.012716667,Nitisols,High,0.54465,0.60895,0.44085,0.6223,0.557366667,1,Clay soils,Agricultural,1
51,Uganda,Northern,Yumbe,Ariwa,Ariwo_II_refugee_Camp_Zone5,31.171014,3.476008,43119,43138,2018,January,1,0,0,0,0,1,0,HU,1,,1,0,Goats,small,High,113.9158843,0,344.9817802,162.4691358,621.3668003,Semi_intensive,1311.690893,1180.239963,1352.603236,1392.384643,NA,6.003847837,85.88492203,135.4630435,30.4458336,30.62916732,30.5333337,30.45833381,32.44999981,31.19999981,30.45000076,30.15000057,71.19,66.75,69.81,69.44,40.5,62.19,82.06,83.31,,904,1,-0.12225,-0.3382,-0.35245,-0.270966667,other,Medium,0.37455,0.4968,0.71275,0.727,0.645516667,1,Clay soils,Agricultural,
52,Uganda,Western,Rwampara,Bugamba,Bugamba,30.48719,-0.709031,43259,43336,2018,June,1,1,0,1,1,1,1,HU_LS,1,,1,0,Cattle,large,Medium,43.8235341,4.193692784,133.6290206,250,431.6462475,Extensive,1231.051482,1226.831461,1255.46664,1485.095359,122.1670532,90.54225063,294.7610121,180.6174674,26.43333371,26.94166692,26.95833381,26.64166705,26.60000038,26,25.60000038,25.70000076,72.62,70.88,72.62,75.62,76.88,84.75,84.62,80.81,1,1505,0,0.0612,0.12415,0.5323,0.239216667,,High,0.73545,0.67425,0.6113,0.20315,0.496233333,2,,Agricultural,1
53,Uganda,Western,Kihangara,Ibanda,Kakuma_III,30.453644,-0.097048,43269,43301,2018,June,1,0,0,0,1,1,0,HU,1,,1,0,Cattle,large,Medium,39.14189458,5.176078153,205.1232895,287.1789561,536.6202183,Semi_intensive,1060.860425,991.1316767,995.8638926,1187.38281,33.77426147,91.55026579,235.2521315,141.9576511,27.43958374,27.9062504,27.84375032,27.70208387,27.25,27.15000105,27.10000086,27.27500057,74.31,73.62,74.69,76.56,68.75,77.75,84.81,84.31,20,1400,0,-0.07245,-0.02285,0.11875,0.007816667,Leptosols,High,0.7381,0.81055,0.76095,0.61935,0.730283333,1,Sandy soils,Agricultural,20
54,Uganda,Western,Kasese,Munkunyu,Kanyatsi,30.055773,0.166924,43271,43288,2018,June,1,0,0,0,0,1,1,HU_LS,1,,1,0,Cattle,large,Medium,62.89320447,12.14849953,211.4383547,870.6051184,1157.085177,Semi_intensive,875.4926534,878.3374643,837.9359143,940.9083281,34.01860404,89.97291899,186.3718123,137.7388489,27.62500032,28.01666689,27.93333356,27.90833378,27.20000076,27.5,27.60000038,27.89999962,72.12,71.31,72.44,74.12,74.81,80.88,80.38,78.25,1,1779,0,-0.04715,-0.033,0.07035,-0.003266667,Leptosols,High,0.7658,0.81295,0.7988,0.69545,0.769066667,1,Sandy soils,Agricultural,1
55,Uganda,Western,Isingiro,Isingiro_Town,Kabare   ,30.718193,-0.664144,43273,43301,2018,June,,0,0,0,1,1,1,HU_LS,4,,4,0,Cattle,large,High,161.161306,0.764512323,157.2547851,205.8823529,525.0629564,Semi_intensive,812.3744314,835.576956,857.0794591,1033.889965,29.09778929,68.78592491,195.4282589,145.4038432,26.75000032,27.25000048,27.19166724,27.00000064,26.60000038,26.30000114,26.20000076,26.30000114,72.62,70.88,72.62,75.62,76.88,84.75,84.62,80.81,57.1,1282,0,0.0043,-0.0766,0.03495,-0.01245,Ferralsols,High,0.6605,0.6562,0.7371,0.62555,0.67295,2,Clay soils,,57.1
56,Uganda,Western,Sembabule,Rwebitakuri,Kensinga,31.447903,-0.051654,43282,43313,2018,July,,1,,1,1,1,0,HU,1,,1,0,,NA,Low,39.18300966,5.652809675,54.01219792,119.957265,218.8052822,Semi_intensive,790.2845621,778.1049583,832.2508733,945.4039107,7.592278481,30.84354544,95.91981912,118.8280301,27.6229171,28.15833382,28.05625041,27.87083371,27.4749999,27.27500057,27.10000038,27.12500048,76.94,75.56,75.81,76.38,68.25,77.19,85.88,85.81,,1200,0,-0.16305,-0.28445,-0.13205,-0.193183333,Ferralsols,High,0.5219,0.68495,0.80635,0.65395,0.715083333,1,Clay soils,,
57,Uganda,Western,Isingiro,Kashumba,Kashojwa,30.949304,-0.903845,43284,43336,2018,July,1,1,0,1,1,1,0,HU,1,,1,0,Cattle,large,Low,22.52290982,0.226742342,46.13705347,150.8132323,219.6999379,Semi_intensive,843.4785419,834.9105818,969.4538538,1045.822194,NA,19.84105802,105.5650406,194.8641067,26.64166713,27.17291693,27.17500039,26.8395836,27.2750001,26.75000048,26.17500019,25.82500029,72.31,69.12,70.88,73.5,64.44,72,83.44,85.75,30,1681,0,-0.1178,-0.16885,-0.19045,-0.159033333,Leptosols,High,0.5072,0.625,0.67605,0.69765,0.666233333,1,Sandy soils,Agricultural,30
58,Uganda,Western,Isingiro,kivale,kivale,31.092239,-0.743028,43284,43301,2018,July,1,1,0,1,1,1,0,HU,1,,1,0,Cattle,large,Low,21.82862198,0.178236092,38.06134804,250.7368421,310.8050482,Semi_intensive,888.2747295,922.6444614,1008.456856,1096.234267,5.249088287,43.92690229,81.27571678,185.1419172,26.75000032,27.25000048,27.19166724,27.00000064,27.10000038,26.60000038,26.30000114,26.20000076,75.25,72.75,74,75.12,66.56,75,85.19,85.56,1,1259,0,-0.14405,-0.24615,-0.3785,-0.256233333,Leptosols,High,0.41525,0.5593,0.6614,0.79375,0.671483333,1,Sandy soils,Agricultural,1
59,Uganda,Western,Isingiro,Kashumba,Kashumba,30.949304,-0.903845,43286,43336,2018,July,1,1,0,1,1,1,1,HU_LS,3,,3,0,Cattle,large,Low,22.52290982,0.226742342,46.13705347,150.8132323,219.6999379,Semi_intensive,843.4785419,834.9105818,969.4538538,1045.822194,NA,19.84105802,105.5650406,194.8641067,26.75000032,27.25000048,27.19166724,27.00000064,27.10000038,26.60000038,26.30000114,26.20000076,72.31,69.12,70.88,73.5,64.44,72,83.44,85.75,40,1304,0,-0.1178,-0.16885,-0.19045,-0.159033333,,High,0.5072,0.625,0.67605,0.69765,0.666233333,1,,Agricultural,40
60,Uganda,Central,Lwengo,Malongo,Kasaana_B,31.623002,-0.303224,43290,43315,2018,July,1,0,0,0,1,1,0,HU,1,,1,0,Cattle,large,High,92.98743454,63.14586256,196.8425824,211.641541,564.6174205,Semi_intensive,1120.977701,1086.964639,1176.384878,1265.145887,11.6623106,66.24315739,128.0996439,189.4937472,27.51666737,28.05833371,27.96666733,27.73333375,27.39999962,27.20000076,27,27,69.44,67.81,68.12,70.69,67.81,72,79.06,80.5,15,1084,0,-0.06715,-0.02725,-0.08155,-0.05865,Nitisols,High,0.6814,0.74855,0.70865,0.76295,0.74005,1,Clay soils,Residential,15
61,Uganda,Central,Mubende,Kasambya,Bubanda,31.268079,0.26682,43291,43322,2018,July,1,0,0,0,1,1,0,HU,1,,1,0,Cattle,large,Low,75.42976115,1.782494717,51.86024892,342.6451331,471.7176379,Semi_intensive,1075.202497,1018.67946,1066.933725,1279.267626,16.88901901,47.21788502,110.0741625,191.7874956,28.09166686,28.59166718,28.46666702,28.34166702,27.89999962,27.70000076,27.60000038,27.60000038,76.94,76.94,76.94,76.12,67.75,77.12,85.5,85.5,,1276,0,-0.15445,-0.26945,-0.24235,-0.222083333,other,High,0.51085,0.6653,0.7803,0.7532,0.732933333,1,Clay soils,Residential,
62,Uganda,Western,Rwampara,Bugamba,Rurengye,30.503668,-0.729509,43291,43311,2018,July,1,1,0,1,1,1,0,HU,1,,1,0,Cattle,large,Medium,38.28898501,0.952833614,138.299756,223.9312977,401.4728723,Semi_intensive,1043.111099,1072.521598,1086.3174,1297.499525,29.72214413,79.78655624,82.18964052,255.699718,26.43333371,26.94166692,26.95833381,26.64166705,27.20000076,26.60000038,26,25.60000038,72.62,70.88,72.62,75.62,67.56,76.88,84.75,84.62,50,1397,0,-0.11,-0.16825,-0.11685,-0.1317,Ferralsols,High,0.62395,0.73395,0.7922,0.7408,0.75565,1,Clay soils,Agricultural,50
63,Uganda,Western,Isingiro,Kikagate,Kizibale,30.661807,-1.034086,43295,43319,2018,July,1,1,0,1,1,1,0,HU,1,,1,0,Cattle,large,Medium,91.09368706,0.771440871,106.3368212,346.371134,544.5730832,Semi_intensive,834.4639401,879.0892646,923.6708484,1125.285562,NA,20.89119911,93.08494616,183.4257479,26.43333371,26.94166692,26.95833381,26.64166705,27.20000076,26.60000038,26,25.60000038,73.12,71.38,72.44,76.62,71.5,77,84,84.56,30,1532,0,-0.01545,-0.16035,0.03315,-0.04755,,High,0.6152,0.63065,0.77555,0.58205,0.66275,1,,Agricultural,30
64,Uganda,Western,Sheema,Sheema,Kasozi,30.392695,-0.642397,43300,43323,2018,July,1,1,0,1,1,1,0,HU,1,,1,0,Cattle,large,Low,48.67162648,5.040808461,77.8265127,315.4055214,446.944469,Semi_intensive,1008.569734,1026.998641,963.8143765,1216.401918,15.84222412,25.75867653,86.01426029,272.208674,25.90000041,26.35000022,26.35833375,26.10000038,26.39999962,25.89999962,25.5,25.30000114,72.62,70.88,72.62,75.62,67.56,76.88,84.75,84.62,,1497,0,-0.11095,-0.15895,-0.113,-0.127633333,Ferralsols,High,0.60745,0.7184,0.7664,0.72045,0.735083333,1,Clay soils,Agricultural,
65,Uganda,Western,Isingiro,Kashumba,Kashumba,30.948346,-0.903202,43300,43326,2018,July,1,1,0,1,1,1,0,HU,1,,1,0,Cattle,large,Low,22.52290982,0.226742342,46.13705347,150.8132323,219.6999379,Semi_intensive,843.4785419,834.9105818,969.4538538,1045.822194,NA,19.84105802,105.5650406,194.8641067,26.75000032,27.25000048,27.19166724,27.00000064,27.10000038,26.60000038,26.30000114,26.20000076,72.31,69.12,70.88,73.5,64.44,72,83.44,85.75,10,1304,0,-0.1178,-0.16885,-0.19045,-0.159033333,Leptosols,High,0.5072,0.625,0.67605,0.69765,0.666233333,,Sandy soils,Agricultural,10
66,Uganda,Western,Isingiro,Oruchinga_Base_Camp,Rwamuhunga,30.738107,-0.924658,43310,43331,2018,July,1,0,0,0,0,1,1,HU_LS,1,,1,0,Cattle,large,Medium,17.46722463,4.064842923,150.9881466,137.1309771,309.6511913,Extensive,856.4220626,855.0286137,917.4188684,1083.374643,6.049810886,21.80308914,87.80123186,192.710844,26.75000032,27.25000048,27.19166724,27.00000064,27.10000038,26.60000038,26.30000114,26.20000076,73.12,71.38,72.44,76.62,71.5,77,84,84.56,0.5,1200,0,-0.0869,-0.2218,-0.136,-0.148233333,other,High,0.543,0.6299,0.7648,0.679,0.691233333,1,Clay soils,Agricultural,0.5
67,Uganda,Western,Isingiro,Bukanga,Mugenyi_B,31.04006,-0.861058,43313,43333,2018,August,1,1,0,1,1,1,0,HU,1,,1,0,Cattle,large,Low,45.83534575,0.001652566,79.8289525,550.9771603,676.6431112,Semi_intensive,796.4610831,763.1004951,913.3346672,970.9218164,42.44024855,0,21.63548911,88.56019402,26.65000041,27.20833365,27.15833394,26.85000006,26.60000038,27.10000038,26.70000076,26.10000038,72.31,69.12,70.88,73.5,65.25,64.44,72,83.44,25,1088,0,-0.1071,-0.20405,-0.24125,-0.184133333,Leptosols,High,0.39465,0.50175,0.5987,0.6359,0.578783333,,Sandy soils,Agricultural,25
68,Uganda,Western,Kiruhura,Sanga,Nyankumba,30.908201,-0.501662,43319,43341,2018,August,1,1,0,1,1,1,0,HU,2,,2,0,Cattle,large,Medium,168.6481464,2.201805173,114.687088,14.88424619,300.4212858,Semi_intensive,802.0026438,832.1811837,908.7054334,1018.517432,72.40752499,5.650475025,32.20864201,68.28115582,26.75000032,27.25000048,27.19166724,27.00000064,26.80000114,27.10000038,26.60000038,26.30000114,72.62,70.88,72.62,75.62,69.5,67.56,76.88,84.75,1,1594,0,0.0065,-0.1596,-0.24795,-0.133683333,Ferralsols,High,0.3268,0.3203,0.4864,0.57475,0.460483333,2,Clay soils,Agricultural,1
69,Uganda,Western,Rakai,Kacheera,Kakyera,31.451031,-0.714264,43320,43336,2018,August,1,0,0,0,1,1,0,HU,1,,1,0,Cattle,large,Low,65.31817546,10.06873879,40.42023191,110.5929038,226.40005,Semi_intensive,1154.535078,1092.911133,1343.892621,1219.156572,58.50829813,6.060037613,52.86490202,152.7152662,26.99583364,27.53750038,27.48750051,27.18750048,26.70000076,27.20000076,26.90000057,26.40000057,75.25,72.75,74,75.12,68.25,66.56,75,85.19,10,1280,0,-0.1075,-0.2408,-0.2723,-0.206866667,Leptosols,High,0.41145,0.51895,0.65225,0.68375,0.618316667,,Sandy soils,Agricultural,10
70,Uganda,Eastern,Iganga,Busembatia,Kasabuli,33.628384,0.773025,43306,43332,2018,August,1,0,0,0,0,1,0,HU,1,,1,0,Sheep,small,Medium,83.04039357,2.834328815,100.1335472,2575.124911,2761.13318,Semi_intensive,1612.858436,1275.443811,1543.186554,1501.148467,120.0887916,54.7000351,123.8666048,263.8585634,29.9416674,30.59166718,30.33333365,30.12500032,28.39999962,28.60000038,28.70000076,28.70000076,69.88,70.5,69.44,74.31,78.25,79.81,82.56,84.44,,1110,0,0.0136,-0.114,-0.13435,-0.07825,Ferralsols,High,0.56715,0.55355,0.68115,0.7015,0.6454,2,Clay soils,Agricultural,
71,Uganda,Western,Kiryandongo,Kiryandongo,Mirima,32.15906437,1.897241385,43527,43553,2019,March,1,0,0,0,0,1,0,HU,1,,1,0,Cattle,large,Low,24.71439032,3.158998113,24.79658507,34.92655367,87.59652718,Semi_intensive,1390.546464,1165.286457,1181.184214,1350.254965,208.7581966,41.2467525,5.964961767,6.122399569,29.96666702,29.82500029,29.69166708,27.35833375,32.5,33,32.10000229,31,68.5,66.75,65.94,68.69,44.19,43.5,45.12,58.75,5,1120,0,-0.07435,-0.18405,-0.26685,-0.175083333,Ferralsols,High,0.32785,0.4022,0.5119,0.5947,0.502933333,1,Clay soils,Agricultural,5
72,Uganda,Western,Kasese,Nyamwamba ,Salute_B,30.0653,0.179042,43615,43646,2019,May,1,1,0,1,1,1,0,HU,1,,1,0,Cattle,large,Medium,62.89320447,12.14849953,211.4383547,827.998834,1114.478893,Semi_intensive,878.3374643,837.9359143,940.9083281,804.150476,80.47616053,102.3654164,86.30942774,21.04540074,27.9,27.15,28.2,27.9,27.9,27.6,28,28.2,71.31,72.44,74.12,74.69,80.69,74.5,67.38,67.12,1,1000,0,0.0885,0.1094,0.2752,0.1577,other,Medium,0.67075,0.58225,0.56135,0.39555,0.51305,2,Clay soils,Residential,1
73,Uganda,Central,Sembabule,Lwemiyaga,Kakinga,31.07702,0.091377,43501,43516,2019,October,1,1,0,1,1,1,1,HU_LS,2,,2,0,Cattle,large,Low,62.94648838,0.375299279,51.12699974,117.6044657,232.0532531,Semi_intensive,851.9570875,878.4733477,1094.164385,1034.288953,147.5925479,89.42591047,91.38407087,35.53232241,28.59166718,28.45000045,28.29166698,28.62500032,28,28.30000114,28.89999962,28.30000114,75.56,75.81,76.38,77.94,76.5,74.38,73.56,79.62,104,1241,0,0.0839,0.1013,0.0628,0.082666667,Ferralsols,High,0.7592,0.6753,0.6579,0.6964,0.676533333,2,Clay soils,Agricultural,104
74,Uganda,Northern,Obongi,Itula,Pasu,31.546031,3.481613,43789,43809,2019,November,1,0,0,0,1,1,0,HU,1,,1,0,Cattle,large,Low,27.62917127,0.148413984,40.41779071,28.56591509,96.76129106,Semi_intensive,1036.665126,1160.617893,1278.474698,1298.952601,141.3746514,183.7143333,124.7586522,152.9716687,31.7833341,31.66250022,31.56250064,31.78750038,31.85000038,30.94999981,30.85000038,30.20000076,66.75,69.81,69.44,68.5,86.19,86.31,81.06,82.94,,628,1,-0.0206,-0.0787,-0.0844,-0.061233333,other,Medium,0.7184,0.739,0.7971,0.8028,0.779633333,1,Sandy soils,Agricultural,
75,Uganda,Western,Ntoroko,Kanara,Kimara,30.41397901,1.075046437,43803,43817,2019,December,1,0,0,0,1,1,0,HU,1,,1,0,Cattle,large,Low,17.50670826,1.211579984,46.38736643,61.87742436,126.983079,Extensive,813.5577707,741.0445061,932.5140514,812.1186657,50.93161011,76.57417297,124.9041138,86.53674316,29.1666673,29.1000007,29.10833391,29.30833387,28.70000076,29.20000076,28.60000038,28.80000114,68.81,68.88,69.56,70.25,72.56,77.31,77.19,70.06,1,600,1,0.0822,-0.0186,0.0014,0.021666667,other,Medium,0.7394,0.6572,0.758,0.738,0.717733333,2,Loam soils,Agricultural,1
76,Uganda,Central,Wakiso,Kiira,Kasokozo,32.631177,0.42807,43863,43910,2020,February,1,0,0,0,0,1,1,HU_LS,2,,2,0,,NA,High,119.4103054,75.85981262,124.333666,1899.741824,2219.345608,Intensive,1253.726209,1428.480371,1695.024239,1686.218989,52.90635419,98.44314337,216.4278426,210.2296109,28.85000034,28.6562504,29.02083365,25.95833349,29.52500057,29.67499971,28.22500038,28.95000029,73.25,74.81,76.81,79.94,75.69,75.5,82.5,83.75,,1190,0,-0.0047,0.02725,-0.1324,-0.036616667,Nitisols,High,0.67095,0.67565,0.6437,0.80335,0.707566667,1,Clay soils,Agricultural,
77,Uganda,Central,Kyankwanzi,Kyankwanzi,Kitegwa,31.882801,1.183394,43873,43900,2020,February,1,1,0,1,1,1,1,HU_LS,1,,1,0,Cattle,large,Medium,173.6646196,0,23.11116558,16.31079478,213.08658,Semi_intensive,1185.940556,1331.354789,1481.766982,1312.294459,29.53585935,39.03009415,141.3087378,198.3099918,29.07500045,28.94166692,29.25833384,29.08333381,30.20000076,30.60000038,28.70000076,29.10000038,71.06,70.5,73.19,79.19,73.44,72.75,81.81,83.94,,1276,0,0.01025,-0.0156,-0.1227,-0.042683333,Fluvisols,High,0.69505,0.6848,0.71065,0.81775,0.737733333,2,Loam soils,Agricultural,
78,Uganda,Central,Wakiso,Bussi,Gulwe,32.366674,-0.015864,43894,43914,2020,March,1,0,0,0,1,1,0,HU,1,,1,0,Goats,small,Low,0,0,0,198.1050818,198.1050818,Semi_intensive,1559.649436,1964.77807,2013.909005,2050.941602,216.7945406,62.86572647,140.6015983,244.0876436,28.62708374,28.38958363,28.77916714,28.39791719,28.27500057,29.00000048,29.0250001,27.67500067,68,70.12,71.81,72.75,77.44,69.5,69.31,77.12,,1200,0,0.24395,0.0749,0.0754,0.131416667,,High,0.66065,0.4167,0.58575,0.58525,0.529233333,2,,Agricultural,
79,Uganda,Western,Kabale,Bubare (Buhara),Kigongi,29.995834,-1.245965,44020,44057,2020,July,1,1,0,1,1,1,1,HU_LS,1,,1,0,Cattle,large,Medium,52.23937355,7.614147218,114.8458588,328.1830159,502.8823955,Semi_intensive,1009.821468,1369.811262,1058.572789,1083.298118,1.64953203,15.31586958,54.09010641,193.2123938,27.9,27.15,28.2,27.9,27.9,27.6,28,28.2,73.94,78,77.88,81.25,79.81,82.75,84.69,84.38,15,1855,0,0.12775,-0.0739,-0.1635,-0.03655,,High,0.55665,0.4289,0.63055,0.72015,0.5932,2,,Agricultural,15
80,Uganda,Western,Kiruhura,Rushere,Rushere,30.862896,-0.176444,44032,44046,2020,July,1,1,0,1,1,1,0,HU,1,,1,0,,NA,Medium,118.7030854,0.080984661,35.29932149,147.4044008,301.4877923,Semi_intensive,964.1154655,1135.222774,1022.759604,1156.183101,11.69970105,32.0266145,43.58380105,192.8375053,27.19166724,27.00000064,27.28333378,26.90000041,27.39999962,26.80000114,26.89999962,25.5,74.69,76.56,77.5,81.88,79.25,79.19,80.38,83.56,1,1340,0,-0.11105,-0.1746,-0.2923,-0.19265,Leptosols,High,0.4781,0.58915,0.6527,0.7704,0.67075,1,Sandy soils,Agricultural,1
81,Uganda,Central,Sembabule,Lugusulu,Kyebando,31.455729,-0.072039,44086,44159,2020,September,1,1,0,1,1,1,1,HU_LS,2,,2,0,Cattle,large,Low,39.18300966,5.652809675,54.01219792,48.06934594,146.9173632,Semi_intensive,984.8635941,1136.008518,1167.228991,1170.657125,90.32137775,64.13278484,40.2689719,19.30833858,27.34166686,27.11666711,27.42500051,27.03333362,27.39999962,27.5,27.39999962,26.80000114,75.81,76.38,77.94,82.38,78.81,78.94,81.12,84.62,63.6,1240,0,0.1113,0.18495,0.0848,0.127016667,Ferralsols,High,0.62355,0.51225,0.4386,0.53875,0.496533333,2,Clay soils,Agricultural,63.6
82,Uganda,Western,Kiruhura,Kinoni,Kasa,31.08618,-0.04546,44344,44367,2021,May,1,1,0,1,1,1,1,HU_LS,4,,4,0,Cattle,large,Low,70.33619058,0.172062563,66.82307938,66.82451986,204.1558524,Semi_intensive,1065.038018,961.9288096,987.1365706,872.122437,69.20790339,114.5667014,107.7378132,40.3153224,28.33333365,28.61666711,28.35000038,27.9,27.9,27.6,28,28.2,76.38,77.94,82.38,80.44,87.81,87.69,80.69,76.81,10,1276,0,0.14055,0.07155,0.0467,0.086266667,Ferralsols,High,0.75015,0.6096,0.6786,0.70345,0.663883333,2,Clay soils,Agricultural,10
83,Uganda,Western,Kyegegwa,Kyegegwa,Bukere,31.09482,0.38333,44409,44428,2021,August,1,1,0,1,1,1,0,HU,1,,1,0,Cattle,large,Low,13.40753268,4.179640736,39.11789838,304.7895501,361.4946219,Intensive,1492.297432,1724.516708,1795.971863,1306.809898,132.7064471,23.87402534,30.12872934,78.29488993,28.34166702,28.65000025,28.32500013,27.9,27.9,27.6,28,28.2,76.12,77.06,81.38,76.81,66.94,67.31,77.19,86.12,24.6,1275,0,0.06625,-0.04385,-0.021,0.000466667,,High,0.47115,0.4049,0.515,0.49215,0.470683333,2,,Mixed,24.6
84,Uganda,Western,Kagadi,Mabale_TC,Kihura,30.800612,1.0121967,44563,44594,2022,May,1,0,0,0,1,1,1,HU_LS,2,1,3,2,Cattle,large,Low,23.54114644,15.68235004,50.51837628,268.1863895,357.9282623,Semi_intensive,1303.967574,1225.60691,1090.551214,1049.1,39.2,65.1,97.6,87.5,28.34166686,28.09166686,28.2,27.9,27.9,27.6,28,28.2,70.25,71.75,67.81,72.8,74,76.7,77.6,77.1,28.9,1193,0,0,0,0,0.010223333,,High,,,,,,,,Agricultural,28.9
85,Uganda,Western,Mbarara,Kashare,Kama,30.550191,-0.373517,44691,44722,2022,May,1,1,0,1,1,1,1,HU_LS,3,,3,0,Cattle,large,Medium,94.92987095,3.22762956,176.7912709,248.8038278,523.7525992,Semi_intensive,904.5048018,1002.535322,954.0131827,1049.1,39.2,65.1,97.6,87.5,27.28333378,26.90000041,28.2,27.9,27.9,27.6,28,28.2,76.69,82.44,81.38,72.8,74,76.7,77.6,77.1,30,1479,0,0,0,0,0.010223333,Ferralsols,High,,,,,,,Clay soils,Agricultural,30
86,Tanzania,Eastern,Morogoro ,Kilombero ,Kilombero_valley,36.55909637,-8.40116723,40664,40678,2011,May,1,1,1,1,1,0,1,LS,,9,9,1,Cattle,large,Low,10,5,26,30.1107338,71.1107338,Intensive,1311.37917,1189.00011,1024.597373,1511.617894,102.6234665,491.0186462,267.7226257,190.135376,30.19791718,30.50208394,30.79375033,30.39791719,29.92499971,30.12500048,30.40000105,30.92500067,71.69,69.56,65.81,70.75,83.94,88.31,87.56,84.12,15,267.7047894,1,-0.25085,-0.1222,-0.1801,-0.184383333,Fluvisols,Low,0.532,0.78285,0.6542,0.7121,0.716383333,1,Clay soils,Mixed,15
87,Tanzania,Eastern,Morogoro ,Kilombero ,Kilombero_valley,36.55909637,-8.40116723,40969,40983,2012,March,1,1,1,1,1,1,0,HU,16,,16,0,Cattle,large,Low,10,5,26,30.1107338,71.1107338,Intensive,1189.00011,1024.597373,1511.617894,1052.431079,159.8062134,76.46470642,158.2514038,221.7788849,30.50208394,30.79375033,30.39791719,30.48750051,30.5,31.42500019,30.42500019,31.1500001,69.56,65.81,70.75,69.56,87.75,83.31,85.25,70.12,15,267.7047894,1,0.07245,0.2512,0.414,0.245883333,Fluvisols,Low,0.8461,0.77365,0.5949,0.4321,0.600216667,2,Clay soils,Mixed,15
88,Tanzania,Lake_region,Serengeti ,Serengeti,Serengeti,34.7465045,-1.99797499,41852,41943,2014,August,,1,1,1,1,1,0,HU,6,,6,0,Cattle,large,Medium,88,20,42,22.3574758,172.3574758,Extensive,1225.027813,945.8884974,995.5047369,934.0424871,70.08447266,14.76601315,37.57094574,63.85134888,27.86500034,30.50208394,28.0716671,27.69333372,26.96000061,26.74000015,26.56000061,26.88000031,65.94,64.56,66.06,64.69,59.12,56.12,64.06,68.38,2.4,1372.910946,0,0.0379,-0.03445,-0.0211,-0.005883333,other,High,0.3548,0.3169,0.38925,0.3759,0.360683333,2,Clay soils,,2.4
89,Tanzania,Eastern,Morogoro ,Morogoro ,Morogoro,37.83815638,-7.18689459,41791,41811,2014,June,,1,1,0,1,0,1,LS,,27,27,1,Cattle,large,Low,10,5,26,1095.235784,1136.235784,Extensive,1108.053577,796.692749,862.1249275,1301.912526,19.18312263,162.2516174,282.7211914,262.9165039,30.81785754,30.79375033,31.10595283,30.81071459,28.75714302,29.82857159,29.87142863,31.51428631,75.75,74.81,74.75,77.44,85.06,88.56,88.38,86.38,96.4,211.6506179,1,-0.06075,-0.08355,0.0363,-0.036,Ferralsols,Low,0.7978,0.85855,0.88135,0.7615,0.8338,1,Clay soils,,96.4
90,Tanzania,Southern_highland,Mbeya ,Kyela ,Kyela ,33.8695329,-9.53353315,41791,41811,2014,June,1,0,0,0,1,0,1,LS,,3,3,1,Cattle,large,Low,15,2,21,293.0149491,331.0149491,Semi_intensive,1646.862276,1300.301837,1430.237676,1554.192117,3.233022451,33.64746094,581.8931274,256.2842407,24.14583389,27.78333375,24.56250056,24.25000024,22.20000076,23.35000038,23.15000057,23.80000019,72.19,70.12,68.69,73.94,80.88,83.69,84.75,83.25,59.1,491.1070261,1,-0.0913,0.00205,-0.1256,-0.071616667,Fluvisols,Low,0.6104,0.7017,0.60835,0.736,0.682016667,,Loam soils,Mixed,59.1
91,Tanzania,Northern,Kilimanjaro ,Moshi ,Moshi ,37.41821283,-3.38308412,43221,43236,2018,May,,1,1,1,1,0,1,LS,,83,83,1,Goats,small,Low,50,26,50,2925.269841,3051.269841,Extensive,1273.600368,1136.49748,1053.33596,1682.591299,177.2854309,564.5894775,357.1792908,21.22209549,27.6666671,30.82857189,27.8145837,27.53958368,25.70000029,27.25000048,28.95000076,31.00000048,63.94,63.56,63.62,71.5,85.44,83.88,79.5,50.88,141,789.5012671,1,0.17745,0.24075,0.3291,0.2491,Ferralsols,Medium,0.59415,0.4167,0.3534,0.26505,0.34505,2,Clay soils,,141
92,Tanzania,Northern,Kilimanjaro ,Moshi ,Moshi ,37.41821283,-3.38308412,43221,43236,2018,May,,1,1,1,1,0,1,LS,,14,14,1,Goats,small,Low,50,26,50,2925.269841,3051.269841,Extensive,1273.600368,1136.49748,1053.33596,1682.591299,177.2854309,564.5894775,357.1792908,21.22209549,27.6666671,30.82857189,27.8145837,27.53958368,25.70000029,27.25000048,28.95000076,31.00000048,63.94,63.56,63.62,71.5,85.44,83.88,79.5,50.88,141,789.5012671,1,0.17745,0.24075,0.3291,0.2491,Ferralsols,Medium,0.59415,0.4167,0.3534,0.26505,0.34505,2,Clay soils,,141
93,Tanzania,Western,Kigoma ,Buhigwe ,Buhigwe ,29.95392084,-4.46235298,43252,43343,2018,June,1,0,0,0,1,1,0,HU,1,,1,0,Goats,small,Low,14,11,14,168.8857902,207.8857902,Extensive,1495.726492,1185.511339,1232.465333,1499.96875,2.861042023,48.30087662,268.0946655,202.3978882,28.19166716,27.92291701,28.69583368,28.11250035,27.80000019,27.65000057,27.10000038,26.50000095,70.19,70.69,69.62,76.56,77.44,83.06,86.06,82.31,78.7,1459.148043,0,-0.146,-0.15685,-0.10845,-0.1371,other,High,0.53865,0.68465,0.6955,0.6471,0.67575,1,Loam soils,Other,78.7
94,Tanzania,Eastern,Dar_es_salaam,Kinondoni ,Kinondoni ,39.14305442,-6.73028446,43252,43343,2018,June,,1,1,,1,1,0,HU,4,,4,0,Cattle,large,Low,19,16,30,3303.031262,3368.031262,Intensive,1215.968174,999.1452503,1907.060991,1791.129889,36.1539917,525.8549194,424.8401489,203.9722595,31.27500057,27.92291701,31.26666689,30.99166759,29.60000038,30.30000114,30.60000038,31.80000114,77.81,76.62,77.88,77.56,76.94,80.81,81.38,78.81,85.5,133.0720717,1,-0.05945,0.14035,-0.0197,0.0204,Ferralsols,Low,0.6009,0.66035,0.46055,0.6206,0.5805,1,Clay soils,Industrial,85.5
95,Tanzania,Eastern,Morogoro ,Mvomero ,Mvomero ,37.54601487,-6.52167304,43252,43343,2018,June,,1,1,,1,1,0,HU,1,,1,0,Cattle,large,Low,10,5,26,47.05397256,88.05397256,Extensive,891.2254524,1000.328147,1066.046676,1248.620926,11.31129169,145.7194061,283.5783081,270.9312439,29.50463007,28.47500038,29.53703755,29.23518568,27.00000021,27.98888906,28.63333405,29.78888914,76.88,78.75,78.75,80.19,82.88,88.06,87.31,84.62,139,383.4598662,1,-0.15825,-0.0306,-0.0244,-0.071083333,Ferralsols,Low,0.59725,0.7555,0.62785,0.62165,0.668333333,1,Clay soils,,139
96,Tanzania,Southern_highland,Mbeya ,Kyela ,Kyela ,33.8695329,-9.53353315,43252,43343,2018,June,1,0,0,,1,1,0,HU,1,,1,0,Cattle,large,Low,15,2,21,293.0149491,331.0149491,Semi_intensive,1402.478848,1361.829839,1797.249185,1392.231441,3.530637264,75.60110474,472.0630493,211.4911652,24.55000051,31.25833384,24.64583373,24.30833364,22.10000038,23.60000038,23.60000038,23.65000057,70.81,72.19,75.06,76.44,82.88,83.38,83.81,84.12,59.1,491.1070261,1,-0.1099,-0.01435,0.02355,-0.033566667,Fluvisols,Low,0.63485,0.74475,0.6492,0.6113,0.668416667,1,Loam soils,Mixed,59.1
97,Tanzania,Central,Dodoma ,Kondoa ,Kondoa ,35.90002727,-4.74401472,43252,43343,2018,June,,1,1,,1,1,0,HU,1,,1,0,Cattle,large,Low,29,7,22,46.56491713,104.5649171,Extensive,607.7557645,652.2466713,502.9395999,808.4723392,3.699323654,22.86210823,157.1474457,235.1374817,26.38750045,29.53148201,26.56250056,26.22500038,23.80000019,24.65000057,25.35000038,26.45000076,67.12,66.69,65,72.69,74,81.94,82.56,81.56,23.6,1777.846108,0,0.086,0.5053,0.226,0.272433333,Leptosols,High,0.73435,0.64835,0.22905,0.50835,0.461916667,2,Sandy soils,,23.6
98,Tanzania,Northern,Tanga ,Kilindi ,Kilindi ,37.5635264,-5.51672457,43252,43343,2018,June,,1,1,,1,1,0,HU,1,,1,0,Cattle,large,Low,29,9,28,36.75248293,102.7524829,Extensive,769.7693334,880.3754816,867.9423313,1214.62108,9.983101845,138.5124207,288.9851074,304.9574585,28.28888914,24.54615417,28.35000049,28.05000056,25.66666667,26.63333321,27.60000102,28.83333397,79.56,81.81,83,84.06,87.69,91.12,90.06,87.25,,817.0438833,1,-0.248,-0.06885,-0.25215,-0.189666667,Ferralsols,Medium,0.4414,0.6894,0.51025,0.69355,0.631066667,1,Clay soils,,
99,Tanzania,Eastern,Morogoro ,Mvomero ,Wami_Dakawa,37.54601487,-6.52167304,43617,43708,2019,June,,1,1,1,1,1,0,HU,20,,20,0,Cattle,large,Low,10,5,26,47.05397256,88.05397256,Extensive,1000.328147,1066.046676,1248.620926,1290.10131,6.848083973,137.3511658,243.8847961,132.8405762,29.53148201,26.60416683,29.23518568,29.53240787,27.31111145,26.58888923,30.11111132,31.35555606,76.88,78.75,80.19,79.69,77.25,87.69,86.19,78.56,139,383.4598662,1,-0.05315,0.10475,0.09725,0.049616667,Fluvisols,Low,0.65385,0.707,0.5491,0.5566,0.604233333,1,Loam soils,Industrial,139
100,Tanzania,Northern,Kilimanjaro ,Moshi_Rural ,Lower_Moshi,37.41821283,-3.38308412,43891,43905,2020,March,1,1,1,,1,1,1,HU_LS,7,122,129,2,Goats,small,Low,50,26,50,359.0284615,485.0284615,Extensive,1053.33596,1682.591299,1515.04687,1431.352757,305.3779297,57.17272949,150.8818054,219.0713043,27.8145837,28.37777827,27.99375033,27.65833374,29.47500086,29.70000029,29.37500048,28.30000019,67.31,75.62,75.62,71.75,81.12,76.06,78.19,74.38,141,789.5012671,1,0.0867,-0.02765,-0.0855,-0.008816667,Ferralsols,Medium,0.6091,0.5224,0.63675,0.6946,0.617916667,2,Clay soils,Industrial,141
